count,player_list,name,createtime
120,hh,,
85,å››å¶è‰,,
81,fg,,
58,lb,,
52,è‚º,,
51,hm,,
50,ryj,,
50,èŒæ–°z,,
48,æ¸¡é¸¦,,
47,xl,,
43,æ˜Ÿ,,
42,hz,,
40,æœ±,,
40,å¼ ,,
39,ç«‹,,
37,ä¸­å,,
34,å‹,,
33,èœ˜è››,,
33,é±¿çš‡,,
31,dancer,,
31,dy,,
30,ç“œ,,
29,mg,,
29,æ˜¥é¸½,,
27,é˜¿è“,,
27,ç‹,,
26,jr,,
26,h,,
25,ç”°,,
24,kcr,,
23,å½¦,,
23,é±¿é±¼,,
22,ä¹,,
22,ç«,,
22,é”®,,
21,æº,,
20,é˜¿ç‹—,,
20,é…±æ²¹,,
20,äºŒå®½,,
20,é›ªé£,,
19,é˜¿æ˜Ÿ,,
18,plato,,
17,æœˆå½±,,
17,å¼ æˆ,,
16,7,,
16,dance,,
16,å°¼å¤,,
16,ä¸€éƒ,,
16,a,,
16,å‘¨,,
16,4,,
15,ä»»æ˜Ÿå®‡,,
15,ä¸œ,,
15,l,,
15,èŠ±é£,,
15,3,,
14,red,,
14,é™†,,
14,å‘,,
14,ij,,
14,terrance,,
14,çº¢,,
14,æ–‡å˜‰,,
13,desk,,
13,å°¼å¤æ‹‰æ–¯,,
13,jp,,
13,dfc,,
13,blue,,
13,æ™ƒ,,
12,å°¼å¤æ‹‰,,
12,æ¨å­æ”¿,,
12,md,,
12,green,,
12,humphrey,,
12,jason,,
12,mjt,,
12,-.-,,
12,cz,,
12,2,,
12,æœˆç¥,,
12,yellow,,
12,shaonie,,
12,1,,
11,åŒ—æçƒ,,
11,è°·,,
11,é«˜å¤©ä½‘,,
11,s,,
10,å°æ©˜å­,,
10,ohno,,
10,lu,,
10,dancerhui,,
10,ljwzh,,
10,yzx,,
10,xh,,
10,black,,
10,æ´ª,,
9,ç‹å¿—åš,,
9,www,,
9,zq,,
9,çœ‹é›ª,,
9,å…«çˆªèœ˜è››,,
9,è€æ,,
9,ä¸§t,,
9,ğŸ¯,,
9,cn,,
9,g,,
9,tt,,
8,åŒ—ææ˜Ÿ,,
8,è½´æ‰¿é€‰,,
8,aptx,,
8,é»‘,,
8,elva,,
8,ry,,
8,ç½—çŒæ°´,,
8,åº„,,
8,gc,,
8,èŠ±é£æˆè¯­,,
8,twx,,
8,py,,
8,lzwzl,,
8,xz,,
8,viva,,
8,ç“¦ç‰‡,,
7,5v,,
7,freedom,,
7,ç²’,,
7,zmh,,
7,äºŒç‹—,,
7,kyra,,
7,ğŸš›,,
7,å§¥çˆ·,,
7,lcy,,
7,jeq,,
7,ç‹ç¤¼æ˜‚,,
7,vg,,
7,èŒæ–°,,
7,æ‰‹,,
7,æ£®æ£®,,
7,äº‘éš,,
7,æ›¾å¤,,
6,xidong,,
6,srd,,
6,æ–‡,,
6,lkx,,
6,spring,,
6,lmw,,
6,xg,,
6,å†°,,
6,æ²ˆé˜³,,
6,musk,,
6,æœˆå¤œ,,
6,å¶ä¼¯,,
6,æäº‘å±±,,
6,zetako,,
6,polaris,,
6,å¼Ÿå¼Ÿ,,
6,å‚é•¿,,
6,hongyu,,
6,å¢,,
6,sf,,
6,éºŸäº‘,,
6,wen,,
6,ntr,,
6,èŒ,,
6,some,,
6,æ‰›æŠŠå­,,
6,å¨å“¥,,
6,binbin,,
6,æ¬¢é…±,,
6,é»˜è®¤,,
5,q,,
5,å…³,,
5,sunris,,
5,å´,,
5,çŒ«å¤´é¹°,,
5,oy,,
5,è´¨å˜,,
5,å‡¶é¸Ÿ,,
5,naf,,
5,mindy,,
5,c,,
5,karen,,
5,win,,
5,chris,,
5,å°ä¹Œé¸¦,,
5,ä¸‡,,
5,é™ˆä¿é™©,,
5,cy,,
5,daft,,
5,inm,,
5,ç¥,,
5,é›ªé£å·,,
5,å¼ é£,,
5,æœ±ä»”,,
5,è€å‘¨,,
5,éœå“¥,,
5,fb,,
5,æ‰“äºº,,
5,wht,,
5,wt,,
5,å§œ,,
5,è€—å­,,
5,187,,
5,é‘«å“¥,,
5,99,,
5,ğŸ´,,
5,free,,