player,count,player_list
-.-,12,-.-
-ã€‚-,1,-ã€‚-
00,35,00
1,12,1
1012k,2,1012k
114514,1,114514
12345,19,12345
123456,1,123456
16,1,16
1609884203,4,1609884203
1660317133,2,1660317133
17826818782,13,17826818782
183454241,3,183454241
187,5,187
1962142767,4,1962142767
1mmm,1,1mmm
2,12,2
2397541142,14,2397541142
26,2,26
2666,1,2666
3,15,3
4,16,4
4074,1,4074
489326240,8,489326240
4tharticle,2,4tharticle
5,1,5
5t,2,5t
5v,7,5v
7,16,7
769991388,2,769991388
77,3,77
82,1,82
8277,1,8277
827717358,14,827717358
9,4,9
99,5,99
9æ–¹,1,9æ–¹
=-=,2,=-=
=_=,1,=_=
=ã€‚=,1,=ã€‚=
@åº„ç”Ÿ,1,@åº„ç”Ÿ
a,16,a
abcd,1,abcd
acmilan,1,acmilan
aipotu,26,aipotu
ajh,1,ajh
akiha,1,akiha
alex,1,alex
amadeus,17,amadeus
anata,3,anata
ann,1,ann
ap,1,ap
apdx,1,apdx
apex,8,apex
apt,1,apt
aptx,8,aptx
aptx4869,41,aptx4869
ar,2,ar
ararar,2,ararar
argan,1,argan
artificial idiot,3,artificial idiot
arå¤§,2,arå¤§
atm,1,atm
automuen,7,automuen
aw,2,aw
awen,1,awen
aydenegg,1,aydenegg
aå®,3,aå®
b,4,b
beijixing,1,beijixing
biaodi,4,biaodi
bigcow,6,bigcow
binbin,6,binbin
bit,1,bit
black,10,black
black_uuz,3,black_uuz
blake,2,blake
blb,3,blb
blue,13,blue
bluekite,1,bluekite
bluelingb,11,bluelingb
boxness,2,boxness
bulez00,4,bulez00
bushi,2,bushi
c,5,c
canopus,1,canopus
castr0,4,castr0
cat,1,cat
catcher1234,16,catcher1234
cc,4,cc
ccl,2,ccl
ccy,1,ccy
chad,1,chad
changliang,1,changliang
charles2020,2,charles2020
chest,1,chest
chewy,1,chewy
chickenking,1,chickenking
chizhagudu,1,chizhagudu
chris,5,chris
chs,23,chs
châ€†s,1,châ€†s
cinor,2,cinor
ck,3,ck
ckr,3,ckr
cl,39,cl
cloream,4,cloream
cn,9,cn
cpf,2,cpf
creeper,1,creeper
crlr,2,crlr
cty,2,cty
cup,1,cup
cy,5,cy
cycmdzz,1,cycmdzz
cyf,2,cyf
cyy,1,cyy
cz,12,cz
câ€†hâ€†s,2,câ€†hâ€†s
daft,5,daft
danc,1,danc
dance,16,dance
dancedance,1,dancedance
dancehui,4,dancehui
dancer,31,dancer
dancerhui,10,dancerhui
dancerèƒ¡äº†,1,dancerèƒ¡äº†
danchehui,1,danchehui
dangyue,3,dangyue
dark,2,dark
daxing,1,daxing
daxinge,12,daxinge
dct,4,dct
dd,62,dd
ddd,4,ddd
ddxy,95,ddxy
ddyy,1,ddyy
deng,2,deng
desk,13,desk
dfc,13,dfc
dgx,1,dgx
dgxtony,1,dgxtony
dh,1,dh
di,3,di
dishu,1,dishu
dr,2,dr
driver,2,driver
duying,4,duying
dwb,90,dwb
dwho,4,dwho
dy,31,dy
dynilath,1,dynilath
dz,1,dz
e,7,e
e.ç¥å¥³ç²‰,1,e.ç¥å¥³ç²‰
ed,1,ed
eddie,1,eddie
edz,2,edz
ee,12,ee
eee,1,eee
eeeeeeeee,1,eeeeeeeee
efans,14,efans
egod,10,egod
egodå¤´å·å¥³ç²‰,1,egodå¤´å·å¥³ç²‰
egodç²‰,1,egodç²‰
eie,2,eie
elllllll,1,elllllll
elva,8,elva
ender,116,ender
ender(è‡ªå¸¦ä¿æŠ¤åŒº),1,ender(è‡ªå¸¦ä¿æŠ¤åŒº)
ernest,2,ernest
eç¥,12,eç¥
eç²‰,2,eç²‰
fan,3,fan
fanlb,1,fanlb
faywei,6,faywei
fb,5,fb
feng,1,feng
fg,81,fg
fish,2,fish
fklmgj,7,fklmgj
flagalac,2,flagalac
fluor,1,fluor
fly,3,fly
flyingfish,3,flyingfish
fql,2,fql
francis,2,francis
franklinchan,3,franklinchan
fredom,1,fredom
free,5,free
freedom,7,freedom
fs,4,fs
fucking man,1,fucking man
fwäº”æœˆ,1,fwäº”æœˆ
g,9,g
g.c,2,g.c
gc,8,gc
ge,1,ge
gg,3,gg
ghsap,10,ghsap
gm,4,gm
green,12,green
grey,2,grey
gswz,1,gswz
gty,1,gty
gu,2,gu
gugu,2,gugu
guguty,1,guguty
gxz,9,gxz
gzn,1,gzn
gzy,4,gzy
h,26,h
h2,3,h2
haha,12,haha
hangge,2,hangge
hausong,1,hausong
hb,4,hb
hbb,3,hbb
hdl1996,1,hdl1996
hehe,3,hehe
hell,3,hell
hf,1,hf
hh,120,hh
hjb,1,hjb
hm,51,hm
hong,2,hong
hongyu,6,hongyu
hot,1,hot
howard514,3,howard514
huang,4,huang
huangji,1,huangji
huangsong,1,huangsong
huasong,67,huasong
human,1,human
humphrey,12,humphrey
hxr,2,hxr
hz,42,hz
hzh,1,hzh
icefinger,1,icefinger
ij,14,ij
inm,5,inm
invokercat,1,invokercat
j,2,j
jack,12,jack
jackge,2,jackge
jackjack,1,jackjack
jacson,2,jacson
jason,12,jason
jb,1,jb
jd,4,jd
jeq,7,jeq
jequirity,19,jequirity
jg,3,jg
jiang,1,jiang
jinglemars,2,jinglemars
joe,7,joe
joey,1,joey
jojo,1,jojo
joker,9,joker
jooe,45,jooe
joseph,1,joseph
jp,13,jp
jqe,1,jqe
jr,26,jr
jrj,6,jrj
juri,1,juri
juyuan,1,juyuan
jws,1,jws
jyl,4,jyl
jzp,2,jzp
k,3,k
kaiqiangfan,1,kaiqiangfan
karen,5,karen
katrina,1,katrina
kcr,24,kcr
killua,1,killua
kino,25,kino
kino1,4,kino1
kino2,4,kino2
kinoing,1,kinoing
kk,2,kk
kkcat,1,kkcat
klp,3,klp
kohaku,2,kohaku
kriko,2,kriko
kuroba,2,kuroba
kyra,7,kyra
kyra (i won last game ;)p,1,kyra (i won last game ;)p
kæ€»,1,kæ€»
l,15,l
la campanella,4,la campanella
lala,2,lala
laola,2,laola
lb,58,lb
lcy,7,lcy
ldl,1,ldl
ldxbr,3,ldxbr
le,1,le
legends,2,legends
leon,1,leon
leon king,1,leon king
li,1,li
liacen,2,liacen
liang,1,liang
lina,1,lina
liu,1,liu
liubeats,1,liubeats
ljl,2,ljl
ljw,1,ljw
ljwzh,10,ljwzh
ljx,1,ljx
ljzh,1,ljzh
ljzwh,1,ljzwh
lkx,6,lkx
lmw,6,lmw
lost wall,1,lost wall
lsr,1,lsr
lu,10,lu
lunhui,1,lunhui
luo,1,luo
lxj990507,1,lxj990507
lxlx,2,lxlx
lyc,2,lyc
lzwzh,1,lzwzh
lzwzl,8,lzwzl
ma,4,ma
magicdance,2,magicdance
magics,1,magics
maroon,1,maroon
mb,1,mb
md,12,md
mengxi,1,mengxi
mg,29,mg
michaelis200,3,michaelis200
mindy,5,mindy
ming,1,ming
mingboy,1,mingboy
mingying,1,mingying
misaki,12,misaki
misakiä¸¶éœ,1,misakiä¸¶éœ
misakiéœ,1,misakiéœ
mizuzu,1,mizuzu
mj,2,mj
mjt,12,mjt
mmt,1,mmt
mocca,2,mocca
mod,1,mod
mohanzhi,1,mohanzhi
moka74751,1,moka74751
mos,106,mos
mosquito,7,mosquito
mr,4,mr
musk,6,musk
naf,5,naf
nafa,1,nafa
nafar,2,nafar
nafarian,25,nafarian
naixin,4,naixin
nan,1,nan
nanaha,1,nanaha
neetwing,1,neetwing
nero,1,nero
ney,2,ney
neymar,1,neymar
nhy,1,nhy
nie,1,nie
nightwish_sola,1,nightwish_sola
nihao,1,nihao
nn,1,nn
nomad,1,nomad
north,1,north
ntr,6,ntr
nyhlyl,1,nyhlyl
oddish1,1,oddish1
oddish2,1,oddish2
oddish3,1,oddish3
oddish4,1,oddish4
ohno,10,ohno
old wei,1,old wei
olive,2,olive
owl,34,owl
oy,5,oy
paffer,1,paffer
pastoshamps,1,pastoshamps
peace,2,peace
peizhiqwq,2,peizhiqwq
penguin,1,penguin
pfy,1,pfy
pigeon,1,pigeon
pku,1,pku
plato,18,plato
player,1,player
pokerzzz,1,pokerzzz
polaris,6,polaris
psycho,3,psycho
py,8,py
py.,2,py.
pzl,1,pzl
q,5,q
qfy,12,qfy
qi,1,qi
qiu,3,qiu
qrcruq,1,qrcruq
qsd,1,qsd
quan,2,quan
quanshu,1,quanshu
quill,7,quill
qzq,1,qzq
r,2,r
r6y1717,3,r6y1717
rastlin,1,rastlin
red,14,red
redseagull,1,redseagull
redwhitecr7,1,redwhitecr7
rice emperor,1,rice emperor
rohana,2,rohana
rolling,1,rolling
ronnoc(,1,ronnoc(
rxy,2,rxy
ry,8,ry
ryan,83,ryan
ryan748492,1,ryan748492
ryanchui,19,ryanchui
ryj,50,ryj
râ€†oâ€†nâ€†noâ€†c,1,râ€†oâ€†nâ€†noâ€†c
rä½¬,2,rä½¬
rç¥,22,rç¥
s,11,s
sager,1,sager
salaman,1,salaman
sanduo,4,sanduo
sayeah,29,sayeah
sbjc,1,sbjc
sf,6,sf
sfzhang,1,sfzhang
sfç‚¹ğŸ”¥,1,sfç‚¹ğŸ”¥
shaonie,12,shaonie
share young,1,share young
shenyang,1,shenyang
shi,1,shi
shishen,2,shishen
shyangjuin,1,shyangjuin
silkroad,5,silkroad
siri,1,siri
skeleton,1,skeleton
smorkey,1,smorkey
som,1,som
some,6,some
somethi,1,somethi
something,63,something
sometime,1,sometime
sora_minazuki,2,sora_minazuki
spec,1,spec
spider,1,spider
spr,2,spr
spring,6,spring
squid,1,squid
srd,6,srd
ss,2,ss
ssfd,1,ssfd
starry,3,starry
starwolf,32,starwolf
steamriki,3,steamriki
stella,1,stella
sth,1,sth
su,3,su
sulaoshi,1,sulaoshi
sunris,5,sunris
susu,3,susu
sw,4,sw
sweetish,1,sweetish
sz,4,sz
szl271828,1,szl271828
t,1,t
t5,1,t5
tamaki,10,tamaki
tanwu2000,18,tanwu2000
tbd,1,tbd
terrance,14,terrance
terry,1,terry
thegui,1,thegui
three,1,three
thu,1,thu
tianxl,1,tianxl
till when,1,till when
tm-tour-101,2,tm-tour-101
tm-tour-136,2,tm-tour-136
tm-tour-163,2,tm-tour-163
tm-tour-187,2,tm-tour-187
tm-tour-19,3,tm-tour-19
tm-tour-213,2,tm-tour-213
tm-tour-305,2,tm-tour-305
tm-tour-398,2,tm-tour-398
tm-tour-426,3,tm-tour-426
tm-tour-470,2,tm-tour-470
tm-tour-485,2,tm-tour-485
tm-tour-515,2,tm-tour-515
tm-tour-552,2,tm-tour-552
tm-tour-561,2,tm-tour-561
tm-tour-583,2,tm-tour-583
tm-tour-592,2,tm-tour-592
tm-tour-630,5,tm-tour-630
tm-tour-670,2,tm-tour-670
tm-tour-688,2,tm-tour-688
tm-tour-694,4,tm-tour-694
tm-tour-71,1,tm-tour-71
tm-tour-738,1,tm-tour-738
tm-tour-743,1,tm-tour-743
tm-tour-801,1,tm-tour-801
tm-tour-822,2,tm-tour-822
tm-tour-846,2,tm-tour-846
tm-tour-91,2,tm-tour-91
tm-tour-961,2,tm-tour-961
tnk,1,tnk
tom,1,tom
tour-1,1,tour-1
tour-111,2,tour-111
tour-123,3,tour-123
tour-148,2,tour-148
tour-175,2,tour-175
tour-2,1,tour-2
tour-204,3,tour-204
tour-21,2,tour-21
tour-222,2,tour-222
tour-234,2,tour-234
tour-238,3,tour-238
tour-241,2,tour-241
tour-242,1,tour-242
tour-252,3,tour-252
tour-260,1,tour-260
tour-267,2,tour-267
tour-279,2,tour-279
tour-290,2,tour-290
tour-3,3,tour-3
tour-300,2,tour-300
tour-307,2,tour-307
tour-314,1,tour-314
tour-334,1,tour-334
tour-345,3,tour-345
tour-356,2,tour-356
tour-367,3,tour-367
tour-369,1,tour-369
tour-4,1,tour-4
tour-413,2,tour-413
tour-416,2,tour-416
tour-418,3,tour-418
tour-428,3,tour-428
tour-440,2,tour-440
tour-449,3,tour-449
tour-45,2,tour-45
tour-469,2,tour-469
tour-486,2,tour-486
tour-496,2,tour-496
tour-509,3,tour-509
tour-513,2,tour-513
tour-518,2,tour-518
tour-528,2,tour-528
tour-532,2,tour-532
tour-533,2,tour-533
tour-554,3,tour-554
tour-555,2,tour-555
tour-561,3,tour-561
tour-597,2,tour-597
tour-6,1,tour-6
tour-613,1,tour-613
tour-617,2,tour-617
tour-624,2,tour-624
tour-626,2,tour-626
tour-63,2,tour-63
tour-640,2,tour-640
tour-642,2,tour-642
tour-661,2,tour-661
tour-670,3,tour-670
tour-672,1,tour-672
tour-688,2,tour-688
tour-7,2,tour-7
tour-701,2,tour-701
tour-710,4,tour-710
tour-715,2,tour-715
tour-724,1,tour-724
tour-747,1,tour-747
tour-778,1,tour-778
tour-780,1,tour-780
tour-788,1,tour-788
tour-798,1,tour-798
tour-821,1,tour-821
tour-829,1,tour-829
tour-830,1,tour-830
tour-838,1,tour-838
tour-843,1,tour-843
tour-857,1,tour-857
tour-882,2,tour-882
tour-884,1,tour-884
tour-904,2,tour-904
tour-960,2,tour-960
tour-962,2,tour-962
tour-969,2,tour-969
tour-975,3,tour-975
tour-978,2,tour-978
toutou,8,toutou
tsukikage,7,tsukikage
tt,9,tt
twosheep,1,twosheep
twx,8,twx
ty,1,ty
unclecatok,1,unclecatok
unknown,2,unknown
v,1,v
van,4,van
vg,7,vg
viva,8,viva
vivian,1,vivian
vv,4,vv
w,89,w
wang,2,wang
wapian,2,wapian
watashiwaangel,1,watashiwaangel
wee0815,25,wee0815
weicheng,1,weicheng
wen,6,wen
wenxionglam,8,wenxionglam
wgy,1,wgy
wht,5,wht
william,1,william
win,5,win
wjyå´æ‰,8,wjyå´æ‰
wms,16,wms
wnzt,2,wnzt
ws,2,ws
wt,5,wt
wu,5,wu
wuyue,2,wuyue
ww,2,ww
www,9,www
wwww,1,wwww
wwwww,2,wwwww
wwwwww,1,wwwwww
wwwwwww,1,wwwwwww
wwwwwwww,1,wwwwwwww
wwwwwwwww,1,wwwwwwwww
wwwwwwwwwww,1,wwwwwwwwwww
wyx,2,wyx
wza,1,wza
wä¸€æœ¨,2,wä¸€æœ¨
wä¹™æœ¨,2,wä¹™æœ¨
xg,6,xg
xh,10,xh
xianwu,2,xianwu
xiaohuang,1,xiaohuang
xiaomo,2,xiaomo
xiaop,1,xiaop
xidong,6,xidong
xie,2,xie
xigema,1,xigema
xixo,50,xixo
xl,47,xl
xp,1,xp
xq,2,xq
xq93589,1,xq93589
xu,3,xu
xyf,4,xyf
xz,8,xz
yd,1,yd
yddyqjd,3,yddyqjd
yellow,12,yellow
yfis,1,yfis
yfisl,1,yfisl
yg,2,yg
yk,2,yk
yolanda,1,yolanda
ysx,1,ysx
yty,1,yty
ytyçš„dad,1,ytyçš„dad
yuan,2,yuan
yuange,4,yuange
yuexing,2,yuexing
yukikaze,48,yukikaze
yyyz,1,yyyz
yzx,10,yzx
yzz,2,yzz
z,52,z
zacklin,1,zacklin
zbj,6,zbj
zc,2,zc
zc(yingle),1,zc(yingle)
zd,4,zd
zeh,2,zeh
zetako,6,zetako
zgm,1,zgm
zhangcheng,2,zhangcheng
zhen,1,zhen
zhen404,1,zhen404
zhou,2,zhou
zhu,3,zhu
zhutan,1,zhutan
zk2910889,7,zk2910889
zl,1,zl
zmh,7,zmh
zo,1,zo
zou,1,zou
zq,9,zq
zqy,2,zqy
zxa,1,zxa
zxapdh,2,zxapdh
zxm,1,zxm
zxy,1,zxy
zyd,7,zyd
zyz,2,zyz
zz,1,zz
zzx,12,zzx
zzz,3,zzz
â˜¢,1,â˜¢
âšª,1,âšª
ã€‚,1,ã€‚
ã€å°å¿ƒæ³•æ–¯ã€‘å°å¿ƒç«æ˜Ÿæ®–æ°‘,1,ã€å°å¿ƒæ³•æ–¯ã€‘å°å¿ƒç«æ˜Ÿæ®–æ°‘
ã€å°è¡Œæ˜Ÿã€‘lzwzl,1,ã€å°è¡Œæ˜Ÿã€‘lzwzl
ã€ç®¡ç†å‘˜ã€‘å®å’šæ³•æ–¯,1,ã€ç®¡ç†å‘˜ã€‘å®å’šæ³•æ–¯
ã€ç®¡ç†å‘˜ã€‘å¹´è½»äººç©ç«ä¸è®²ç«å¾·,1,ã€ç®¡ç†å‘˜ã€‘å¹´è½»äººç©ç«ä¸è®²ç«å¾·
ã‚¤ãƒ¬ã‚¤ãƒŠ,1,ã‚¤ãƒ¬ã‚¤ãƒŠ
ä¸€äº›,1,ä¸€äº›
ä¸€äºº,2,ä¸€äºº
ä¸€åˆ€ä¸€ä¸ªç‰›å¤´äºº,2,ä¸€åˆ€ä¸€ä¸ªç‰›å¤´äºº
ä¸€ç¯,12,ä¸€ç¯
ä¸€ç›´,79,ä¸€ç›´
ä¸€è‰²å½©ç¾½,2,ä¸€è‰²å½©ç¾½
ä¸€éƒ,16,ä¸€éƒ
ä¸€é˜Ÿhh,1,ä¸€é˜Ÿhh
ä¸€é˜Ÿwht,1,ä¸€é˜Ÿwht
ä¸æ€è±ª,1,ä¸æ€è±ª
ä¸‡,5,ä¸‡
ä¸‡ä¸ˆåƒæ˜,2,ä¸‡ä¸ˆåƒæ˜
ä¸‰ç«,1,ä¸‰ç«
ä¸‹æµ,1,ä¸‹æµ
ä¸æœæ°”èŠ±è è,1,ä¸æœæ°”èŠ±è è
ä¸æ³¯ç†å¿µ,5,ä¸æ³¯ç†å¿µ
ä¸ç•™å,1,ä¸ç•™å
ä¸–æ•,1,ä¸–æ•
ä¸šé—®,3,ä¸šé—®
ä¸œ,15,ä¸œ
ä¸å·¾,2,ä¸å·¾
ä¸§e,1,ä¸§e
ä¸§s,3,ä¸§s
ä¸§t,9,ä¸§t
ä¸§w,1,ä¸§w
ä¸§æœ¨æ˜Ÿ,11,ä¸§æœ¨æ˜Ÿ
ä¸§æ¯æ˜Ÿ,1,ä¸§æ¯æ˜Ÿ
ä¸­å,37,ä¸­å
ä¸­åå› æˆ‘è€Œå´›èµ·,1,ä¸­åå› æˆ‘è€Œå´›èµ·
ä¹ˆä¹ˆé™¶,2,ä¹ˆä¹ˆé™¶
ä¹Œé¸¦,3,ä¹Œé¸¦
ä¹,22,ä¹
ä¹å¤š,74,ä¹å¤š
ä¹”å°”,1,ä¹”å°”
ä¹™æœ¨,301,ä¹™æœ¨
ä¹™ç›®,1,ä¹™ç›®
ä¹ä¹,1,ä¹ä¹
ä¹æ–¹,63,ä¹æ–¹
ä¹æ–¹è ¡,15,ä¹æ–¹è ¡
ä¹æ­Œ,1,ä¹æ­Œ
ä¹ç¥,1,ä¹ç¥
ä¹¦è®°,1,ä¹¦è®°
äºŒå“ˆ,2,äºŒå“ˆ
äºŒå®½,20,äºŒå®½
äºŒæ™º,3,äºŒæ™º
äºŒç‹—,7,äºŒç‹—
äºŒç¾Š,68,äºŒç¾Š
äºŒé˜Ÿgzy,1,äºŒé˜Ÿgzy
äºŒé˜Ÿwt,1,äºŒé˜Ÿwt
äº‘æµ·,1,äº‘æµ·
äº‘éš,7,äº‘éš
äº”æœˆ,2,äº”æœˆ
äº”ç¾Š,1,äº”ç¾Š
äº•,3,äº•
äºšå°”,3,äºšå°”
äº®ä»”,2,äº®ä»”
ä»€ä¹ˆéƒ½ä¹°çš„å®™ç¥,1,ä»€ä¹ˆéƒ½ä¹°çš„å®™ç¥
ä»€ä¹ˆéƒ½ç¿»çš„toæ€»,1,ä»€ä¹ˆéƒ½ç¿»çš„toæ€»
ä»€ä¹ˆéƒ½èƒ½èµ¢çš„é˜¿åœŸ,1,ä»€ä¹ˆéƒ½èƒ½èµ¢çš„é˜¿åœŸ
ä»”ä»”,3,ä»”ä»”
ä»™,4,ä»™
ä»²å‡±,1,ä»²å‡±
ä»»æ˜Ÿå®‡,15,ä»»æ˜Ÿå®‡
ä¼Šæœ—,1,ä¼Šæœ—
ä¼Šè¥¿æ–¯è´¢å›¢,1,ä¼Šè¥¿æ–¯è´¢å›¢
ä¼,1,ä¼
ä¼Ÿå“¥,3,ä¼Ÿå“¥
ä¼Ÿé¸¿,1,ä¼Ÿé¸¿
ä¼¼è·¯äºº,1,ä¼¼è·¯äºº
ä½™é‡,3,ä½™é‡
ä½œç®,1,ä½œç®
ä½ å¥½,45,ä½ å¥½
ä½³è±ª,4,ä½³è±ª
ä¿å››é˜¿ç‹—,3,ä¿å››é˜¿ç‹—
ä¿é™©,2,ä¿é™©
å‰å¤§ç©ºä½¬,1,å‰å¤§ç©ºä½¬
åšç³—äº‹,1,åšç³—äº‹
å‚˜,3,å‚˜
å…ƒæ˜Š,3,å…ƒæ˜Š
å…ƒçš“,2,å…ƒçš“
å…œ,1,å…œ
å…«æŠ˜,1,å…«æŠ˜
å…«çˆª,1,å…«çˆª
å…«çˆªèœ˜è››,9,å…«çˆªèœ˜è››
å…³,5,å…³
å†¬å¤œä¸¶,10,å†¬å¤œä¸¶
å†°,6,å†°
å†°çº¢èŒ¶çœŸå¥½å–,7,å†°çº¢èŒ¶çœŸå¥½å–
å†²,3,å†²
å†²å†²å†²,1,å†²å†²å†²
å†²é”‹,7,å†²é”‹
å‡¤,1,å‡¤
å‡¯,4,å‡¯
å‡±,2,å‡±
å‡¶é¸Ÿ,5,å‡¶é¸Ÿ
åˆ˜,2,åˆ˜
åˆ©å®‰,2,åˆ©å®‰
å‰‘èˆ,2,å‰‘èˆ
å‹¿å‹¿,2,å‹¿å‹¿
åŒ…å­,2,åŒ…å­
åŒ†åŒ†,78,åŒ†åŒ†
åŒ—ææ˜Ÿ,8,åŒ—ææ˜Ÿ
åŒ—æçƒ,11,åŒ—æçƒ
åƒå½©,1,åƒå½©
åŠä¸–,1,åŠä¸–
åä¸œ,1,åä¸œ
åæ¾,6,åæ¾
åš,3,åš
åšæ—,1,åšæ—
åšé”,1,åšé”
å¢,6,å¢
å§å±±çœ‹æ°´,1,å§å±±çœ‹æ°´
å‚é•¿,6,å‚é•¿
å‚é•¿æœ‹å‹,1,å‚é•¿æœ‹å‹
å‰å®³æ‹¾,1,å‰å®³æ‹¾
å‰å®³çŒ«,1,å‰å®³çŒ«
å‹,34,å‹
å‹äºº,2,å‹äºº
å‹äºº02,1,å‹äºº02
å‹å¥ˆjiang,1,å‹å¥ˆjiang
åŒå­,8,åŒå­
å¤é¾™ç¥,1,å¤é¾™ç¥
å¯çˆ±æ— æ•Œçš„zz,1,å¯çˆ±æ— æ•Œçš„zz
å¶,2,å¶
å¶ä¼¯,6,å¶ä¼¯
å¶å­,1,å¶å­
åƒæ¯”äºº,1,åƒæ¯”äºº
å‘,14,å‘
å•,2,å•
åŸæ¸¸,3,åŸæ¸¸
åŸæ¸¸è¯—äºº,18,åŸæ¸¸è¯—äºº
å¬é£,1,å¬é£
å¬é£è†é›¨,29,å¬é£è†é›¨
å´,5,å´
å´æ¬£,1,å´æ¬£
å´ç¿æ°,1,å´ç¿æ°
å‘†èŒæ˜Ÿ,2,å‘†èŒæ˜Ÿ
å‘¨,16,å‘¨
å‘¨ä½³æ¯«,3,å‘¨ä½³æ¯«
å‘¨ä½³è±ª,2,å‘¨ä½³è±ª
å‘µå‘µheheå‘µå‘µ,1,å‘µå‘µheheå‘µå‘µ
å‘µå‘µç¥­å¤©,1,å‘µå‘µç¥­å¤©
å’‹,3,å’‹
å’‹x,1,å’‹x
å’Œå¹³ender,1,å’Œå¹³ender
å’Œè±,2,å’Œè±
å’•,3,å’•
å’•å’•,2,å’•å’•
å’¸é±¼,1,å’¸é±¼
å“ˆå£«å¥‡,2,å“ˆå£«å¥‡
å“¥,4,å“¥
å”¯å¹•,2,å”¯å¹•
å”¯æ…•,8,å”¯æ…•
å•¦å•¦å•¦,24,å•¦å•¦å•¦
å•¸,3,å•¸
å•¸å“¥,4,å•¸å“¥
å–µ,1,å–µ
å–µå–µ,1,å–µå–µ
å–µç’‡,1,å–µç’‡
å˜‰ä¿Š,3,å˜‰ä¿Š
å˜‰éª,1,å˜‰éª
å˜¤è±ª,1,å˜¤è±ª
å˜´å“¥,1,å˜´å“¥
å››å¶è‰,85,å››å¶è‰
å›§,15,å›§
å›§å›§,101,å›§å›§
å›§å›§æ‰“äºº,45,å›§å›§æ‰“äºº
å›¾å¡å¥—,1,å›¾å¡å¥—
å›¾æ‹‰å¥—,23,å›¾æ‹‰å¥—
åšæœsama,1,åšæœsama
å¤,1,å¤
å«åº•ç‹,1,å«åº•ç‹
åŸ¹,3,åŸ¹
åŸ¹ä¹¦,1,åŸ¹ä¹¦
å¢¨,3,å¢¨
å¤ä¸œæµ·,1,å¤ä¸œæµ·
å¤è€,1,å¤è€
å¤šä¹,2,å¤šä¹
å¤§ä½¬å¼Ÿ,1,å¤§ä½¬å¼Ÿ
å¤§åŠ›,1,å¤§åŠ›
å¤§å“¥,1,å¤§å“¥
å¤§å¤«,1,å¤§å¤«
å¤§å¸ˆ,95,å¤§å¸ˆ
å¤§æ³½,3,å¤§æ³½
å¤§ç½,1,å¤§ç½
å¤§é»„,1,å¤§é»„
å¤©ä¹‹æ™“,1,å¤©ä¹‹æ™“
å¤©ä½¿,12,å¤©ä½¿
å¤©æ™“,2,å¤©æ™“
å¤©ç‹—,1,å¤©ç‹—
å¤©ç©º,1,å¤©ç©º
å¤«å­,1,å¤«å­
å¤´å·å¥³ç²‰,1,å¤´å·å¥³ç²‰
å¥—å¥—,1,å¥—å¥—
å¥¥åˆ©ä½›,1,å¥¥åˆ©ä½›
å¥¥çˆ¶,1,å¥¥çˆ¶
å¥³ç²‰,2,å¥³ç²‰
å¥¶,1,å¥¶
å¥¶ç‰›,154,å¥¶ç‰›
å¥½å…„å¼Ÿ,1,å¥½å…„å¼Ÿ
å¥½å¥‡,1,å¥½å¥‡
å¦–ç²¾,1,å¦–ç²¾
å¦™,1,å¦™
å§œ,5,å§œ
å§¥çˆ·,7,å§¥çˆ·
å¨å“¥,6,å¨å“¥
å­å‚‘,1,å­å‚‘
å­å­,1,å­å­
å­æ ‹,1,å­æ ‹
å®‰å¨œè´¢å›¢,1,å®‰å¨œè´¢å›¢
å®‰é€¸,2,å®‰é€¸
å®‹æ¢¶æ¥ ,1,å®‹æ¢¶æ¥ 
å®™æ–¯,1,å®™æ–¯
å®œåº­,1,å®œåº­
å®å,1,å®å
å°äº‘å°,3,å°äº‘å°
å°ç­±ç”³,1,å°ç­±ç”³
å°z,37,å°z
å°ä¹Œé¸¦,5,å°ä¹Œé¸¦
å°ä¹å¤š,1,å°ä¹å¤š
å°äº”ç¾Š,12,å°äº”ç¾Š
å°ä¼é¹…,3,å°ä¼é¹…
å°ä½˜,1,å°ä½˜
å°å€«,1,å°å€«
å°å“ˆ,1,å°å“ˆ
å°å¤©åŠæœˆé—ª,1,å°å¤©åŠæœˆé—ª
å°å¤©å¤©,2,å°å¤©å¤©
å°æ‹¾,4,å°æ‹¾
å°æ—¶,1,å°æ—¶
å°æ™º,2,å°æ™º
å°æœ±,2,å°æœ±
å°æ¡¦,1,å°æ¡¦
å°æ©˜å­,10,å°æ©˜å­
å°æ¼ ,1,å°æ¼ 
å°ç‹,1,å°ç‹
å°ç¾Š,3,å°ç¾Š
å°èƒ–,3,å°èƒ–
å°èŠ±,1,å°èŠ±
å°é‡,1,å°é‡
å°éŸ³,10,å°éŸ³
å°éº¦,63,å°éº¦
å°é»„,16,å°é»„
å°é»„äºº,3,å°é»„äºº
å°é»‘,36,å°é»‘
å°šä¹¦,1,å°šä¹¦
å°¹é›¨æ³½,1,å°¹é›¨æ³½
å°¼å¤,16,å°¼å¤
å°¼å¤æ‹‰,12,å°¼å¤æ‹‰
å°¼å¤æ‹‰æ–¯,13,å°¼å¤æ‹‰æ–¯
å°¼å¤æ‹‰è€¶,1,å°¼å¤æ‹‰è€¶
å°¼å¤æ‹‰è€¶å¸æœº,1,å°¼å¤æ‹‰è€¶å¸æœº
å°¼å¤æ‹‰è€¶ç»´åŸº,1,å°¼å¤æ‹‰è€¶ç»´åŸº
å°¼å§‘,1,å°¼å§‘
å°¼ç¦„,2,å°¼ç¦„
å·åˆé€‰,1,å·åˆé€‰
å·¥å¤´,1,å·¥å¤´
å·§å·§,1,å·§å·§
å¸…æ°”é­,1,å¸…æ°”é­
å¸†,2,å¸†
å¸¦é±¼,1,å¸¦é±¼
å¸­,1,å¸­
å¸·å¹•,3,å¸·å¹•
åº„,8,åº„
åº„å­,8,åº„å­
åº„ç”Ÿ,26,åº„ç”Ÿ
åº„é«˜æ‰‹,1,åº„é«˜æ‰‹
å»º,4,å»º
å»ºå®¸,2,å»ºå®¸
å¼€æŒ‚è€çˆ·,1,å¼€æŒ‚è€çˆ·
å¼ç¥,1,å¼ç¥
å¼—å…°,2,å¼—å…°
å¼Ÿå¼Ÿ,6,å¼Ÿå¼Ÿ
å¼ ,40,å¼ 
å¼ å¼ ,1,å¼ å¼ 
å¼ æˆ,17,å¼ æˆ
å¼ ç‹—å®‡,1,å¼ ç‹—å®‡
å¼ ç‹—è›‹,1,å¼ ç‹—è›‹
å¼ è€€ä¸œ,9,å¼ è€€ä¸œ
å¼ é£,5,å¼ é£
å½“æœˆæ˜å¹´,1,å½“æœˆæ˜å¹´
å½¦,23,å½¦
å½­,2,å½­
å¾‹æ”¿å¤§äº¨,1,å¾‹æ”¿å¤§äº¨
å¾,1,å¾
å¾½å°‘,3,å¾½å°‘
å¿ƒå¦‚,2,å¿ƒå¦‚
å¿ƒå¾®å¯’,1,å¿ƒå¾®å¯’
å¿«ä¹,2,å¿«ä¹
å¿«å»è¥¿å¤©,4,å¿«å»è¥¿å¤©
æ€é”,6,æ€é”
æ„›æ”...chs,1,æ„›æ”...chs
æ„Ÿè§‰,1,æ„Ÿè§‰
æ„Ÿè§‰æ— åŒ,12,æ„Ÿè§‰æ— åŒ
æ„Ÿè§‰ï¼Œ,1,æ„Ÿè§‰ï¼Œ
æ…•å®¹,2,æ…•å®¹
æ…§,2,æ…§
æ…§æ˜Ÿ,1,æ…§æ˜Ÿ
æ‡¿å®,1,æ‡¿å®
æ‡¿æ¢¦,1,æ‡¿æ¢¦
æˆ‘ä¹Ÿæ˜¯èœé¸¡,1,æˆ‘ä¹Ÿæ˜¯èœé¸¡
æˆ‘å°±æ˜¯å¼Ÿå¼Ÿ,1,æˆ‘å°±æ˜¯å¼Ÿå¼Ÿ
æˆ‘è¿˜æ˜¯ä¸¤åªç¾Š,1,æˆ‘è¿˜æ˜¯ä¸¤åªç¾Š
æ‰‹,7,æ‰‹
æ‰“äºº,5,æ‰“äºº
æ‰›æŠŠå­,6,æ‰›æŠŠå­
æŠ—å‹ç‹,1,æŠ—å‹ç‹
æ‹‰æ™®æ‹‰æ–¯,29,æ‹‰æ™®æ‹‰æ–¯
æ‹Ÿè·¯äºº,1,æ‹Ÿè·¯äºº
æŒ¯å¯°,1,æŒ¯å¯°
æŒæŸœçš„æ¥äº†,13,æŒæŸœçš„æ¥äº†
æ‘¸é±¼,2,æ‘¸é±¼
æ”¹é€ å…ˆé”‹,2,æ”¹é€ å…ˆé”‹
æ”¹é€ å†²,3,æ”¹é€ å†²
æ”¾å­¦åˆ«èµ°,1,æ”¾å­¦åˆ«èµ°
æ•¦ç…Œ,1,æ•¦ç…Œ
æ•¬çˆ±çš„é’é’,1,æ•¬çˆ±çš„é’é’
æ–‡,6,æ–‡
æ–‡å˜‰,14,æ–‡å˜‰
æ–‡å¤§å¸ˆ,2,æ–‡å¤§å¸ˆ
æ–‡æœ”,2,æ–‡æœ”
æ–‡ç”Ÿ,41,æ–‡ç”Ÿ
æ–°èŒæ–°,1,æ–°èŒæ–°
æ–¹èŠ³,43,æ–¹èŠ³
æ— ,1,æ— 
æ— åŒ,1,æ— åŒ
æ— åçš„é¸½å­,4,æ— åçš„é¸½å­
æ— å¿ƒä¹‹é­‚,1,æ— å¿ƒä¹‹é­‚
æ— æƒ…çš„å‘½è¿,23,æ— æƒ…çš„å‘½è¿
æ— æ•Œä¹‹é‡å¼€ä¹‹klp,1,æ— æ•Œä¹‹é‡å¼€ä¹‹klp
æ— æœˆ,3,æ— æœˆ
æ— æœˆä½•æ¥æ˜,1,æ— æœˆä½•æ¥æ˜
æ— è¯­,176,æ— è¯­
æ—¥æ–¤,1,æ—¥æ–¤
æ—©å­•,2,æ—©å­•
æ—©é›²,1,æ—©é›²
æ—­å³°,1,æ—­å³°
æ—¶ã®æ®‡,1,æ—¶ã®æ®‡
æ—¶å°š,1,æ—¶å°š
æ˜‚,2,æ˜‚
æ˜Š,1,æ˜Š
æ˜Šå­,1,æ˜Šå­
æ˜Šæ–‡,1,æ˜Šæ–‡
æ˜,1,æ˜
æ˜æœˆ,1,æ˜æœˆ
æ˜“,2,æ˜“
æ˜Ÿ,43,æ˜Ÿ
æ˜Ÿæ˜Ÿ,1,æ˜Ÿæ˜Ÿ
æ˜Ÿç¥­,2,æ˜Ÿç¥­
æ˜Ÿç©ºä¸‹çš„ç±³ç‰¹å…°,1,æ˜Ÿç©ºä¸‹çš„ç±³ç‰¹å…°
æ˜Ÿé›¨æ—¥å’Œ,1,æ˜Ÿé›¨æ—¥å’Œ
æ˜¥,4,æ˜¥
æ˜¥é¸½,29,æ˜¥é¸½
æ™‚,1,æ™‚
æ™ƒ,13,æ™ƒ
æ™“,1,æ™“
æ™“é»‘,7,æ™“é»‘
æ™—,1,æ™—
æ™šæ™š,3,æ™šæ™š
æš‡,2,æš‡
æš‡ä½¬,1,æš‡ä½¬
æš‡å“¥,4,æš‡å“¥
æš—ç¿¼,2,æš—ç¿¼
æ›¾,3,æ›¾
æ›¾å¤,7,æ›¾å¤
æœˆ,2,æœˆ
æœˆäº®å¼¯å¼¯,1,æœˆäº®å¼¯å¼¯
æœˆå¤œ,6,æœˆå¤œ
æœˆå½±,17,æœˆå½±
æœˆæœˆ,1,æœˆæœˆ
æœˆç¥,12,æœˆç¥
æœ‰æ²¡æœ‰å¯èƒ½æ˜¯ä½ ä»¬èœå‘¢,2,æœ‰æ²¡æœ‰å¯èƒ½æ˜¯ä½ ä»¬èœå‘¢
æœ¨,1,æœ¨
æœ¨ ç¤º,1,æœ¨ ç¤º
æœ¨æœ¨,2,æœ¨æœ¨
æœ¨ç¤º,12,æœ¨ç¤º
æœªé—»,1,æœªé—»
æœªé—»èŠ±å,3,æœªé—»èŠ±å
æœ±,40,æœ±
æœ±ä»”,5,æœ±ä»”
æœ±æ€»,1,æœ±æ€»
æƒ,2,æƒ
æ,3,æ
æäº‘å±±,6,æäº‘å±±
æå‚¨,3,æå‚¨
æå†›,1,æå†›
ææ™¨ç…œ,1,ææ™¨ç…œ
æç…œ,1,æç…œ
æœ,2,æœ
æœè€å¸ˆ,1,æœè€å¸ˆ
æ¨å­æ”¿,12,æ¨å­æ”¿
æ¨æ°å‚å›¢,1,æ¨æ°å‚å›¢
æ­ç¿,8,æ­ç¿
æ°å“¥,4,æ°å“¥
æ°å“¥ä¸è¦,1,æ°å“¥ä¸è¦
æ—,3,æ—
æ—äº‘,1,æ—äº‘
æ—æ·±æ—¶è§é¹¿,2,æ—æ·±æ—¶è§é¹¿
æ«å“¥,2,æ«å“¥
æŸ´éƒ¡çŒ«,4,æŸ´éƒ¡çŒ«
æ¡ƒå­,27,æ¡ƒå­
æ¢,1,æ¢
æ£®æ£®,7,æ£®æ£®
æ¦‰é”,1,æ¦‰é”
æ©˜å­,1,æ©˜å­
æ©™,3,æ©™
æ©™å­,54,æ©™å­
æ¬¢é…±,6,æ¬¢é…±
æ¬£,1,æ¬£
æ¬§æ–¯æäºš,1,æ¬§æ–¯æäºš
æ­£å¸¸äºº,1,æ­£å¸¸äºº
æ­·è€,1,æ­·è€
æ¯›äºŒåŠ›,1,æ¯›äºŒåŠ›
æ°´,3,æ°´
æ°´å”å”,2,æ°´å”å”
æ°´å£•,1,æ°´å£•
æ°´è±ª,3,æ°´è±ª
æ°´é“¶1,1,æ°´é“¶1
æ°´é“¶2,1,æ°´é“¶2
æ°´é¬¼,21,æ°´é¬¼
æ°¸è¿œ,53,æ°¸è¿œ
æ±Ÿå—,1,æ±Ÿå—
æ±¡æ°´,1,æ±¡æ°´
æ±¡æ±¡,2,æ±¡æ±¡
æ±¤,1,æ±¤
æ±ªæ±ªçš„é£Ÿç‰©,2,æ±ªæ±ªçš„é£Ÿç‰©
æ²å›­,3,æ²å›­
æ²ˆé˜³,6,æ²ˆé˜³
æ²ˆé˜³ä¸­è¡—æ‰›æŠŠå­,2,æ²ˆé˜³ä¸­è¡—æ‰›æŠŠå­
æ²¹,2,æ²¹
æ³‰,1,æ³‰
æ³•,1,æ³•
æ³•å¤–ç‹‚å¾’å¼ ä¸‰,1,æ³•å¤–ç‹‚å¾’å¼ ä¸‰
æ³•æ–¯,3,æ³•æ–¯
æ³°ä¼¯,86,æ³°ä¼¯
æ³°ä¼¯åˆ©äºš,1,æ³°ä¼¯åˆ©äºš
æ³°ä¼¯åˆ©å®‰,33,æ³°ä¼¯åˆ©å®‰
æ³°åš,2,æ³°åš
æ³°å“¥,1,æ³°å“¥
æ³½èŒ,2,æ³½èŒ
æ´—é»‘ç‹,1,æ´—é»‘ç‹
æ´—é»‘é¹,1,æ´—é»‘é¹
æ´›å…‹,1,æ´›å…‹
æ´ª,10,æ´ª
æ´»åœ°,2,æ´»åœ°
æµ®ç”Ÿ,1,æµ®ç”Ÿ
æµ·æ ¼,1,æµ·æ ¼
æ¶‚é¸¦,1,æ¶‚é¸¦
æ¶©,1,æ¶©
æ·…,2,æ·…
æ·±æµ·çš„è¾¾ä¸æºœ,20,æ·±æµ·çš„è¾¾ä¸æºœ
æ¸…æ°´,1,æ¸…æ°´
æ¸…æ±¡æ°´,1,æ¸…æ±¡æ°´
æ¸…é£äº‘æ·¡,1,æ¸…é£äº‘æ·¡
æ¸¡é¸¦,48,æ¸¡é¸¦
æ¸£è±ª,1,æ¸£è±ª
æº,21,æº
æ½œæ°´,3,æ½œæ°´
ç«,22,ç«
ç«æ˜Ÿ,2,ç«æ˜Ÿ
ç«æ˜Ÿz,3,ç«æ˜Ÿz
ç«æ˜Ÿä¹‹ç‹,1,ç«æ˜Ÿä¹‹ç‹
ç«æ˜ŸèŒæ–°,1,ç«æ˜ŸèŒæ–°
ç«æ˜ŸèŒæ–°z,3,ç«æ˜ŸèŒæ–°z
ç‚¹ç‚¹,82,ç‚¹ç‚¹
ç„¦,3,ç„¦
ç…œ,3,ç…œ
çˆ±,3,çˆ±
çˆ±å“¥,1,çˆ±å“¥
çˆ±æ‘„,7,çˆ±æ‘„
çˆ±æ­Œ,2,çˆ±æ­Œ
ç‰›,5,ç‰›
ç‰›å¤´äºº,2,ç‰›å¤´äºº
ç‰›å­gg,1,ç‰›å­gg
ç‰›å­å“¥,1,ç‰›å­å“¥
ç‰›å­å“¥å“¥,1,ç‰›å­å“¥å“¥
ç‰›ç‰›,1,ç‰›ç‰›
ç‰§æ®‡,3,ç‰§æ®‡
ç‰¹ä»‘è‹,1,ç‰¹ä»‘è‹
çŠ¬å±±,1,çŠ¬å±±
ç‹¡ç‹¡,1,ç‹¡ç‹¡
çŒ©,4,çŒ©
çŒ©çŒ©,1,çŒ©çŒ©
çŒ«,4,çŒ«
çŒ«å¤´é¹°,5,çŒ«å¤´é¹°
çŒ«çŒ«,3,çŒ«çŒ«
çŒ«çŒ«å¤´,2,çŒ«çŒ«å¤´
çŒ´æ€»,1,çŒ´æ€»
ç‹,27,ç‹
ç‹äºŒ,1,ç‹äºŒ
ç‹äºŒç‹—,1,ç‹äºŒç‹—
ç‹äºŒğŸ¶,4,ç‹äºŒğŸ¶
ç‹å­,6,ç‹å­
ç‹å­æ—º,1,ç‹å­æ—º
ç‹å¿—åš,9,ç‹å¿—åš
ç‹æ˜•,1,ç‹æ˜•
ç‹æ³½é‰´,1,ç‹æ³½é‰´
ç‹æµ·æ¶›,1,ç‹æµ·æ¶›
ç‹ç‹,1,ç‹ç‹
ç‹çš“é›å¤§äººçš„ç‹—,1,ç‹çš“é›å¤§äººçš„ç‹—
ç‹ç¤¼æ˜‚,7,ç‹ç¤¼æ˜‚
ç‹é”®,1,ç‹é”®
çˆç™¾ç’ƒ,2,çˆç™¾ç’ƒ
ç©,3,ç©
ç©å“¥,3,ç©å“¥
çƒè—»è—»,4,çƒè—»è—»
ç‘å‡¤,16,ç‘å‡¤
ç‘æ—,4,ç‘æ—
ç‘ç‘,1,ç‘ç‘
ç‘é£,3,ç‘é£
ç“œ,30,ç“œ
ç“œgod,3,ç“œgod
ç“œmaroon,3,ç“œmaroon
ç“œç“œ,2,ç“œç“œ
ç“œç“œç“œ,1,ç“œç“œç“œ
ç“œç¥,1,ç“œç¥
ç“¦ç‰‡,8,ç“¦ç‰‡
ç”°,25,ç”°
ç”°å¤§å¸ˆ,2,ç”°å¤§å¸ˆ
ç™½ç”Ÿç“œ,2,ç™½ç”Ÿç“œ
çš®,2,çš®
çš®å¡çš®,1,çš®å¡çš®
çœ‹é›ª,9,çœ‹é›ª
çœ‹é›ªç»ƒå€¾æ²³,1,çœ‹é›ªç»ƒå€¾æ²³
ç±å“¥,1,ç±å“¥
çŸ³,1,çŸ³
çŸ³æ¦´,1,çŸ³æ¦´
ç¢æ„¿,1,ç¢æ„¿
ç¢§æ°´æ¸…æ‰¬,1,ç¢§æ°´æ¸…æ‰¬
ç¤¾é•¿,4,ç¤¾é•¿
ç¥,5,ç¥
ç§‘å­¦å®¶,4,ç§‘å­¦å®¶
ç§‘æ ‡éœ,11,ç§‘æ ‡éœ
ç¨‹,3,ç¨‹
ç©·å‡ºç¿”,1,ç©·å‡ºç¿”
ç«‹,39,ç«‹
ç«¥,1,ç«¥
ç«¥è¯,33,ç«¥è¯
ç«¹ç‚­,2,ç«¹ç‚­
ç­‹æ–—äº‘,2,ç­‹æ–—äº‘
ç±³åˆ†,1,ç±³åˆ†
ç±³å¶,2,ç±³å¶
ç±³çš‡,1,ç±³çš‡
ç±³é¥­,48,ç±³é¥­
ç²’,7,ç²’
ç²’ç²’,2,ç²’ç²’
ç´«è‹‘å¯ºæ— è‰¯,3,ç´«è‹‘å¯ºæ— è‰¯
ç¶±ç¶±,1,ç¶±ç¶±
çº¢,14,çº¢
çº¢å†›,1,çº¢å†›
çº¢çƒ§è‚‰,1,çº¢çƒ§è‚‰
çº¢è‰æ –,1,çº¢è‰æ –
çº¢è±†,1,çº¢è±†
çº¯çº¯,1,çº¯çº¯
ç»,1,ç»
ç»¯å¤œ,4,ç»¯å¤œ
ç»´åŸº,1,ç»´åŸº
ç»´å°¼ç†Š,2,ç»´å°¼ç†Š
ç»¿é£,1,ç»¿é£
ç½—,2,ç½—
ç½—äºº,1,ç½—äºº
ç½—æˆ,2,ç½—æˆ
ç½—æ°è´¢å›¢,1,ç½—æ°è´¢å›¢
ç½—çŒæ°´,8,ç½—çŒæ°´
ç½ª,1,ç½ª
ç½ªå·¥,1,ç½ªå·¥
ç¾Šç¥,1,ç¾Šç¥
ç¾ç¾,1,ç¾ç¾
ç¿”,1,ç¿”
è€åƒ,1,è€åƒ
è€å¸æœº,1,è€å¸æœº
è€å‘¨,5,è€å‘¨
è€å¤´,1,è€å¤´
è€å¼ ,1,è€å¼ 
è€æ˜Ÿ,1,è€æ˜Ÿ
è€æ,9,è€æ
è€çˆ·,3,è€çˆ·
è€ç‹,28,è€ç‹
è€ç«‹,1,è€ç«‹
è€é‚±,8,è€é‚±
è€—å­,5,è€—å­
è–æ¶µ,1,è–æ¶µ
è‚¥ç¾Š,1,è‚¥ç¾Š
è‚²,1,è‚²
è‚²äº®,210,è‚²äº®
è‚²è‰¯,1,è‚²è‰¯
è‚º,52,è‚º
è‚ºä½¬,1,è‚ºä½¬
èƒ–è™,1,èƒ–è™
èƒ¡å®‡å½¬,3,èƒ¡å®‡å½¬
èƒ§æœˆ,1,èƒ§æœˆ
è…‹,1,è…‹
è‰²ç‰‡,1,è‰²ç‰‡
èŠ±,2,èŠ±
èŠ±æ¤’çœŸå¥½åƒ,1,èŠ±æ¤’çœŸå¥½åƒ
èŠ±èˆ,1,èŠ±èˆ
èŠ±è è,1,èŠ±è è
èŠ±é£›,1,èŠ±é£›
èŠ±é£,15,èŠ±é£
èŠ±é£æˆè¯­,8,èŠ±é£æˆè¯­
èŠ³èŠ³,2,èŠ³èŠ³
èŒ„å­,1,èŒ„å­
èŒ¶èŒ¶,3,èŒ¶èŒ¶
è‰,2,è‰
è’è¯ä¹‹å…½,1,è’è¯ä¹‹å…½
è’è¯å·¨å…½,1,è’è¯å·¨å…½
è£å²³,1,è£å²³
è‰è‰,1,è‰è‰
è«æ™“,2,è«æ™“
è«è¯­é£,1,è«è¯­é£
èœé¸¡,3,èœé¸¡
èŒ,6,èŒ
èŒæ–°,7,èŒæ–°
èŒæ–°z,50,èŒæ–°z
èåœ,2,èåœ
è‘‰,3,è‘‰
è‘›æ˜Š,22,è‘›æ˜Š
è‘›æµ©,2,è‘›æµ©
è‘±è‘±,1,è‘±è‘±
è“,1,è“
è“çµ,3,è“çµ
è•¾ç±³,1,è•¾ç±³
è–›æ€»,1,è–›æ€»
è™,2,è™
è™æˆ˜å£«,1,è™æˆ˜å£«
è™è™è™,3,è™è™è™
è›‹è›‹,1,è›‹è›‹
è›™,3,è›™
è›™è›™,1,è›™è›™
èœ˜è››,33,èœ˜è››
èƒèŸ¹,1,èƒèŸ¹
èŸ¹,2,èŸ¹
èŸ¹èŸ¹,1,èŸ¹èŸ¹
è ¢é£,3,è ¢é£
è¡€x,1,è¡€x
è¡€å‰,1,è¡€å‰
è¡€å°æ¿,1,è¡€å°æ¿
è¡€æ€’,1,è¡€æ€’
è¡€æ€’æ€’,2,è¡€æ€’æ€’
è£‚ç©º,1,è£‚ç©º
è¥¿å¤©,3,è¥¿å¤©
è¥¿å¤©è¯·ç¥,1,è¥¿å¤©è¯·ç¥
è¥¿æ€»,2,è¥¿æ€»
è¥¿ç“œ,98,è¥¿ç“œ
è¥¿ç“œå¤§,1,è¥¿ç“œå¤§
è§‚æ˜Ÿ,1,è§‚æ˜Ÿ
è¯—äºº,21,è¯—äºº
è¯­,1,è¯­
è¯·å«æˆ‘å ‡è€å¸ˆ,3,è¯·å«æˆ‘å ‡è€å¸ˆ
è¯¾æ ‡éœ,1,è¯¾æ ‡éœ
è°¢,1,è°¢
è°¢å›½æ˜Ÿ,5,è°¢å›½æ˜Ÿ
è°­æ·»,2,è°­æ·»
è°·,11,è°·
è±†å­,1,è±†å­
è±†æ²™,1,è±†æ²™
è±¬è‚š,1,è±¬è‚š
è²“è²“,3,è²“è²“
è´¨å˜,5,è´¨å˜
è´¾æ°è´¢å›¢,1,è´¾æ°è´¢å›¢
èµ”è¾“,2,èµ”è¾“
èµµ,3,èµµ
èµµå¤©ç¿”,1,èµµå¤©ç¿”
èµµç§‰æ°,2,èµµç§‰æ°
èµµèµµ,1,èµµèµµ
è·¯äºº,3,è·¯äºº
è½©,1,è½©
è½´æ‰¿,1,è½´æ‰¿
è½´æ‰¿é€‰,8,è½´æ‰¿é€‰
è¾‰,3,è¾‰
è¾‘å½•,1,è¾‘å½•
è¾£é¸¡py,1,è¾£é¸¡py
è¾£é¸¡é›,1,è¾£é¸¡é›
è¾¾,3,è¾¾
è¿½é£å°‘å¹´,1,è¿½é£å°‘å¹´
è¿½é£å°‘å¹´é˜¿ç‹—,1,è¿½é£å°‘å¹´é˜¿ç‹—
é”,2,é”
é‚“å“¥,1,é‚“å“¥
é‚“é¸½,4,é‚“é¸½
é‚¹,3,é‚¹
é‚¹æ¶›,1,é‚¹æ¶›
éƒ­å®ªç« ,1,éƒ­å®ªç« 
é…±æ²¹,20,é…±æ²¹
é‡Š,1,é‡Š
éŠ˜çˆº,1,éŠ˜çˆº
é‘«å“¥,5,é‘«å“¥
é‘«å“¥&é£é±¼,1,é‘«å“¥&é£é±¼
é’,38,é’
é’1,2,é’1
é’2,2,é’2
é’é’,269,é’é’
é’Ÿ,1,é’Ÿ
é’Ÿç»´,1,é’Ÿç»´
é“ƒé“›,3,é“ƒé“›
é“­çˆ·,2,é“­çˆ·
é”®,22,é”®
é—­å…³ä¸­,1,é—­å…³ä¸­
é—®æˆ‘,1,é—®æˆ‘
é˜¿å§¨,1,é˜¿å§¨
é˜¿å°”,159,é˜¿å°”
é˜¿æ–‡,1,é˜¿æ–‡
é˜¿æ–¯åŠ å¾·,1,é˜¿æ–¯åŠ å¾·
é˜¿æ˜Ÿ,19,é˜¿æ˜Ÿ
é˜¿æ°,1,é˜¿æ°
é˜¿æ©™,4,é˜¿æ©™
é˜¿ç‹—,20,é˜¿ç‹—
é˜¿ç‹—é”„å¤§åœ°,9,é˜¿ç‹—é”„å¤§åœ°
é˜¿è“,27,é˜¿è“
é˜¿é‚±,1,é˜¿é‚±
é™†,14,é™†
é™†é€Š,1,é™†é€Š
é™ˆ,1,é™ˆ
é™ˆä¿é™©,5,é™ˆä¿é™©
é™ˆåæ¾,3,é™ˆåæ¾
é™ˆç¢³è£•,2,é™ˆç¢³è£•
é™ªè·‘ä»”é¬¼ç•œé™ˆ,1,é™ªè·‘ä»”é¬¼ç•œé™ˆ
é™³,1,é™³
é›,1,é›
é›,2,é›
é›ªæ¨±,1,é›ªæ¨±
é›ªæ«»,12,é›ªæ«»
é›ªé£,20,é›ªé£
é›ªé£å·,5,é›ªé£å·
é›¶,3,é›¶
é›¶ç‚¹,2,é›¶ç‚¹
éœ,238,éœ
éœä½¬,121,éœä½¬
éœå“¥,5,éœå“¥
éœç¥,1,éœç¥
éœéœéœ,9,éœéœéœ
éœéœéœéœ,1,éœéœéœéœ
éœéœéœéœéœ,1,éœéœéœéœéœ
é’,1,é’
é’è›™,2,é’è›™
éŸ¬,2,éŸ¬
é¢œå¿—ç‚«,6,é¢œå¿—ç‚«
é£é£,44,é£é£
é£,2,é£
é£å°˜,1,é£å°˜
é£ç¾½,3,é£ç¾½
é£èŠ±,1,é£èŠ±
é£é±¼,40,é£é±¼
é¥¼,1,é¥¼
é©¬,2,é©¬
é©¬å¡å·´å¡,1,é©¬å¡å·´å¡
é©¬é–å®¸,1,é©¬é–å®¸
éª‘,1,éª‘
é«˜å¤©ä½‘,11,é«˜å¤©ä½‘
é¬¼ç•œé™ˆ,2,é¬¼ç•œé™ˆ
é­è‰¯,7,é­è‰¯
é­”æ–¹,2,é­”æ–¹
é­·çš‡,1,é­·çš‡
é¯Šé­š,2,é¯Šé­š
é±¼,3,é±¼
é±¼é±¼,1,é±¼é±¼
é±¿,1,é±¿
é±¿çš‡,33,é±¿çš‡
é±¿é±¼,23,é±¿é±¼
é²,2,é²
é³å˜,3,é³å˜
é¸½å­,8,é¸½å­
é¸½é¸½,1,é¸½é¸½
é¸¿è¾¾,1,é¸¿è¾¾
é¹,1,é¹
é¹é¹,2,é¹é¹
éº’éºŸ,43,éº’éºŸ
éºŸäº‘,6,éºŸäº‘
éº¦,10,éº¦
é»„ç¥,3,é»„ç¥
é»„é‡‘,1,é»„é‡‘
é»„é‡‘å›½,4,é»„é‡‘å›½
é»„é¸¡,14,é»„é¸¡
é»å¹´ç§‹é›¨,1,é»å¹´ç§‹é›¨
é»‘,8,é»‘
é»‘æ¡ƒä½œ,1,é»‘æ¡ƒä½œ
é»‘çš®å¸…å“¥,3,é»‘çš®å¸…å“¥
é»‘é¾™,1,é»‘é¾™
é»˜è®¤,6,é»˜è®¤
é¼,1,é¼
é¾™æ—¥å¤©,2,é¾™æ—¥å¤©
é¾™æ—¥å¤©å¤§é­”ç‹,1,é¾™æ—¥å¤©å¤§é­”ç‹
ğŸ,10,ğŸ
ğŸš,1,ğŸš
ğŸ,2,ğŸ
ğŸŸ,1,ğŸŸ
ğŸ ,2,ğŸ 
ğŸ§,1,ğŸ§
ğŸ©,1,ğŸ©
ğŸ¯,9,ğŸ¯
ğŸ±,3,ğŸ±
ğŸ´,5,ğŸ´
ğŸ´ r,8,ğŸ´ r
ğŸ‘¶,1,ğŸ‘¶
ğŸ‘¼,1,ğŸ‘¼
ğŸ•Š,2,ğŸ•Š
ğŸ˜„,1,ğŸ˜„
ğŸ˜„ ğŸ˜…,2,ğŸ˜„ ğŸ˜…
ğŸ˜…,1,ğŸ˜…
ğŸ˜,4,ğŸ˜
ğŸš›,7,ğŸš›
ğŸ›Œ,3,ğŸ›Œ
ğŸ¥•,1,ğŸ¥•
