playername,username
angel,å¤©ä½¿
éœ,misaki
éœä½¬,misaki
è‘›æ˜Š,misaki
ç§‘æ ‡éœ,misaki
éœéœéœ,misaki
éœå“¥,misaki
å›§å›§,å›§å›§æ‰“äºº
å›§,å›§å›§æ‰“äºº
è‚²äº®,franklinchan
å¤§å¸ˆ,franklinchan
w,ä¹™æœ¨
mos,mosquito
ä¹æ–¹,ä¹æ–¹è ¡
99,ä¹æ–¹è ¡
9å®,ä¹æ–¹è ¡
dd,ddxy
efans,ddxy
é’,é’é’
æ³°ä¼¯åˆ©å®‰,æ³°ä¼¯
chs,huasong
çˆ±æ‘„,huasong
åæ¾,huasong
rç¥,ryan
ryanchui,ryan
è¯—äºº,åŸæ¸¸è¯—äºº
eç¥,ender
ee,ender
e,ender
egod,ender
ä¸§æœ¨æ˜Ÿ,something
hh,å°éº¦
éº¦,å°éº¦
bigcow,å¥¶ç‰›
ç‰›,å¥¶ç‰›
ç‰›å­gg,å¥¶ç‰›
ç‰›å­å“¥,å¥¶ç‰›
ç‰›å­å“¥å“¥,å¥¶ç‰›
Z,å°z
é›ªé£,yukikaze
é›ªé£å·,yukikaze
wht,å”¯æ…•
ğŸ´,ğŸ´ r
å°¼å¤æ‹‰æ–¯,å°¼å¤æ‹‰è€¶ç»´åŸº
å°¼å¤æ‹‰,å°¼å¤æ‹‰è€¶ç»´åŸº
å°¼å¤,å°¼å¤æ‹‰è€¶ç»´åŸº
å°é»„,é»„é¸¡
é˜¿æ˜Ÿ,yuexing
æ˜Ÿ,yuexing
èŒæ–°z,catcher1234
èŒæ–°,catcher1234
èµµèµµ,èµµèµµ
èŠ±èˆ,èŠ±èˆ
watashiwaangel,watashiwaangel
zhutan,zhutan
yyyz,yyyz
sweetish,sweetish
å¼ ç‹—å®‡,å¼ ç‹—å®‡
ä¹æ­Œ,ä¹æ­Œ
feng,feng
icefinger,icefinger
æ”¾å­¦åˆ«èµ°,æ”¾å­¦åˆ«èµ°
neetwing,neetwing
é˜¿æ–¯åŠ å¾·,é˜¿æ–¯åŠ å¾·
gswz,gswz
123456,123456
juri,juri
zgm,zgm
aydenegg,aydenegg
quanshu,quanshu
juyuan,juyuan
tour-314,tour-314
tm-tour-801,tm-tour-801
tour-788,tour-788
tour-724,tour-724
tour-843,tour-843
tour-821,tour-821
tour-747,tour-747
tour-798,tour-798
pastoshamps,pastoshamps
tour-829,tour-829
tour-780,tour-780
tour-334,tour-334
tour-672,tour-672
guguty,guguty
tour-613,tour-613
tour-260,tour-260
tour-369,tour-369
tour-857,tour-857
tm-tour-743,tm-tour-743
è¾‘å½•,è¾‘å½•
oddish2,oddish2
èŠ±è è,èŠ±è è
smorkey,smorkey
lost wall,lost wall
elllllll,elllllll
å‰å¤§ç©ºä½¬,å‰å¤§ç©ºä½¬
chest,chest
redseagull,redseagull
æ— å¿ƒä¹‹é­‚,æ— å¿ƒä¹‹é­‚
lxj990507,lxj990507
leon,leon
ty,ty
1mmm,1mmm
xigema,xigema
sfzhang,sfzhang
dynilath,dynilath
mohanzhi,mohanzhi
cyy,cyy
oddish1,oddish1
salaman,salaman
pokerzzz,pokerzzz
oddish3,oddish3
oddish4,oddish4
qi,qi
å°å¤©åŠæœˆé—ª,å°å¤©åŠæœˆé—ª
é»‘æ¡ƒä½œ,é»‘æ¡ƒä½œ
ed,ed
ccy,ccy
nomad,nomad
invokercat,invokercat
fluor,fluor
redwhitecr7,redwhitecr7
chad,chad
nero,nero
szl271828,szl271828
nihao,nihao
åšæœsama,åšæœsama
yty,yty
tm-tour-738,tm-tour-738
tour-242,tour-242
nightwish_sola,nightwish_sola
kkcat,kkcat
mizuzu,mizuzu
till when,till when
rastlin,rastlin
qrcruq,qrcruq
å°¼å¤æ‹‰è€¶ç»´åŸº,å°¼å¤æ‹‰è€¶ç»´åŸº
æ˜Ÿé›¨æ—¥å’Œ,æ˜Ÿé›¨æ—¥å’Œ
ajh,ajh
alex,alex
tm-tour-71,tm-tour-71
william,william
north,north
creeper,creeper
boxness,boxness
deng,deng
blake,blake
tm-tour-101,tm-tour-101
laola,laola
ss,ss
g.c,g.c
hong,hong
lala,lala
mocca,mocca
tm-tour-822,tm-tour-822
1012k,1012k
lxlx,lxlx
tour-111,tour-111
tour-413,tour-413
tour-148,tour-148
tour-533,tour-533
tour-904,tour-904
tour-969,tour-969
4tharticle,4tharticle
tour-624,tour-624
æœ‰æ²¡æœ‰å¯èƒ½æ˜¯ä½ ä»¬èœå‘¢,æœ‰æ²¡æœ‰å¯èƒ½æ˜¯ä½ ä»¬èœå‘¢
å°¼ç¦„,å°¼ç¦„
tour-469,tour-469
tour-356,tour-356
ccl,ccl
xq,xq
tour-688,tour-688
xiaomo,xiaomo
æš—ç¿¼,æš—ç¿¼
dr,dr
kk,kk
å°æ™º,å°æ™º
å®‰é€¸,å®‰é€¸
zxapdh,zxapdh
åŒ…å­,åŒ…å­
å‹äºº,å‹äºº
yuexing,yuexing
é¯Šé­š,é¯Šé­š
ç»´å°¼ç†Š,ç»´å°¼ç†Š
å“ˆå£«å¥‡,å“ˆå£«å¥‡
shishen,shishen
yk,yk
kriko,kriko
ä¸‡ä¸ˆåƒæ˜,ä¸‡ä¸ˆåƒæ˜
crlr,crlr
769991388,769991388
peace,peace
ä¸€åˆ€ä¸€ä¸ªç‰›å¤´äºº,ä¸€åˆ€ä¸€ä¸ªç‰›å¤´äºº
francis,francis
26,26
ä¸å·¾,ä¸å·¾
ç½—æˆ,ç½—æˆ
é›¶ç‚¹,é›¶ç‚¹
zhangcheng,zhangcheng
flagalac,flagalac
rohana,rohana
tour-267,tour-267
é¾™æ—¥å¤©,é¾™æ—¥å¤©
eie,eie
tour-962,tour-962
wapian,wapian
tour-555,tour-555
tour-63,tour-63
tm-tour-688,tm-tour-688
tour-960,tour-960
tour-7,tour-7
tour-513,tour-513
tour-642,tour-642
tm-tour-592,tm-tour-592
tour-532,tour-532
tm-tour-91,tm-tour-91
tm-tour-561,tm-tour-561
tour-241,tour-241
tour-307,tour-307
tm-tour-213,tm-tour-213
tm-tour-485,tm-tour-485
tour-279,tour-279
tm-tour-187,tm-tour-187
tour-597,tour-597
tour-175,tour-175
tour-528,tour-528
tm-tour-670,tm-tour-670
tour-290,tour-290
tour-486,tour-486
tour-626,tour-626
tour-661,tour-661
tour-978,tour-978
tour-45,tour-45
tour-416,tour-416
tour-300,tour-300
tm-tour-305,tm-tour-305
tm-tour-163,tm-tour-163
tm-tour-398,tm-tour-398
tm-tour-961,tm-tour-961
tour-701,tour-701
tour-518,tour-518
tour-234,tour-234
tour-496,tour-496
tm-tour-515,tm-tour-515
tour-222,tour-222
tour-617,tour-617
tm-tour-846,tm-tour-846
tour-440,tour-440
tour-21,tour-21
tm-tour-136,tm-tour-136
tm-tour-583,tm-tour-583
tour-640,tour-640
ernest,ernest
tm-tour-552,tm-tour-552
tour-715,tour-715
tm-tour-470,tm-tour-470
ç´«è‹‘å¯ºæ— è‰¯,ç´«è‹‘å¯ºæ— è‰¯
xu,xu
tour-252,tour-252
franklinchan,franklinchan
hehe,hehe
starry,starry
tour-367,tour-367
tour-238,tour-238
tour-670,tour-670
tour-554,tour-554
tour-345,tour-345
flyingfish,flyingfish
yddyqjd,yddyqjd
tour-975,tour-975
tour-418,tour-418
å¾½å°‘,å¾½å°‘
howard514,howard514
å°äº‘å°,å°äº‘å°
è™è™è™,è™è™è™
èƒ¡å®‡å½¬,èƒ¡å®‡å½¬
tour-561,tour-561
è¯·å«æˆ‘å ‡è€å¸ˆ,è¯·å«æˆ‘å ‡è€å¸ˆ
183454241,183454241
tour-204,tour-204
steamriki,steamriki
black_uuz,black_uuz
çŒ«çŒ«,çŒ«çŒ«
å°ä¼é¹…,å°ä¼é¹…
tour-509,tour-509
ldxbr,ldxbr
psycho,psycho
tour-3,tour-3
michaelis200,michaelis200
tour-123,tour-123
r6y1717,r6y1717
tour-428,tour-428
tour-449,tour-449
ç‰§æ®‡,ç‰§æ®‡
tm-tour-19,tm-tour-19
tm-tour-426,tm-tour-426
1962142767,1962142767
jd,jd
bulez00,bulez00
naixin,naixin
biaodi,biaodi
ddd,ddd
cloream,cloream
sanduo,sanduo
1609884203,1609884203
æŸ´éƒ¡çŒ«,æŸ´éƒ¡çŒ«
tm-tour-694,tm-tour-694
tour-710,tour-710
æ— åçš„é¸½å­,æ— åçš„é¸½å­
van,van
silkroad,silkroad
ä¸æ³¯ç†å¿µ,ä¸æ³¯ç†å¿µ
wu,wu
tm-tour-630,tm-tour-630
è°¢å›½æ˜Ÿ,è°¢å›½æ˜Ÿ
zbj,zbj
é¢œå¿—ç‚«,é¢œå¿—ç‚«
faywei,faywei
ç‹å­,ç‹å­
æ€é”,æ€é”
jrj,jrj
joe,joe
æ™“é»‘,æ™“é»‘
automuen,automuen
å†²é”‹,å†²é”‹
quill,quill
é­è‰¯,é­è‰¯
zk2910889,zk2910889
fklmgj,fklmgj
mosquito,mosquito
å†°çº¢èŒ¶çœŸå¥½å–,å†°çº¢èŒ¶çœŸå¥½å–
zyd,zyd
tsukikage,tsukikage
wjyå´æ‰,wjyå´æ‰
wenxionglam,wenxionglam
æ­ç¿,æ­ç¿
489326240,489326240
apex,apex
åº„å­,åº„å­
ğŸ´ r,ğŸ´ r
å”¯æ…•,å”¯æ…•
åŒå­,åŒå­
è€é‚±,è€é‚±
é¸½å­,é¸½å­
toutou,toutou
å¼ è€€ä¸œ,å¼ è€€ä¸œ
gxz,gxz
joker,joker
é˜¿ç‹—é”„å¤§åœ°,é˜¿ç‹—é”„å¤§åœ°
ğŸ,ğŸ
å°éŸ³,å°éŸ³
ghsap,ghsap
å†¬å¤œä¸¶,å†¬å¤œä¸¶
tamaki,tamaki
bluelingb,bluelingb
zzx,zzx
ä¸€ç¯,ä¸€ç¯
jack,jack
å¤©ä½¿,å¤©ä½¿
å°äº”ç¾Š,å°äº”ç¾Š
æ„Ÿè§‰æ— åŒ,æ„Ÿè§‰æ— åŒ
misaki,misaki
daxinge,daxinge
haha,haha
æœ¨ç¤º,æœ¨ç¤º
é›ªæ«»,é›ªæ«»
qfy,qfy
17826818782,17826818782
æŒæŸœçš„æ¥äº†,æŒæŸœçš„æ¥äº†
2397541142,2397541142
827717358,827717358
é»„é¸¡,é»„é¸¡
ä¹æ–¹è ¡,ä¹æ–¹è ¡
ç‘å‡¤,ç‘å‡¤
catcher1234,catcher1234
wms,wms
amadeus,amadeus
åŸæ¸¸è¯—äºº,åŸæ¸¸è¯—äºº
tanwu2000,tanwu2000
jequirity,jequirity
12345,12345
æ·±æµ·çš„è¾¾ä¸æºœ,æ·±æµ·çš„è¾¾ä¸æºœ
æ°´é¬¼,æ°´é¬¼
æ— æƒ…çš„å‘½è¿,æ— æƒ…çš„å‘½è¿
å›¾æ‹‰å¥—,å›¾æ‹‰å¥—
å•¦å•¦å•¦,å•¦å•¦å•¦
nafarian,nafarian
kino,kino
wee0815,wee0815
åº„ç”Ÿ,åº„ç”Ÿ
aipotu,aipotu
æ¡ƒå­,æ¡ƒå­
è€ç‹,è€ç‹
æ‹‰æ™®æ‹‰æ–¯,æ‹‰æ™®æ‹‰æ–¯
sayeah,sayeah
å¬é£è†é›¨,å¬é£è†é›¨
starwolf,starwolf
ç«¥è¯,ç«¥è¯
owl,owl
00,00
å°é»‘,å°é»‘
å°z,å°z
cl,cl
é£é±¼,é£é±¼
aptx4869,aptx4869
æ–‡ç”Ÿ,æ–‡ç”Ÿ
æ–¹èŠ³,æ–¹èŠ³
éº’éºŸ,éº’éºŸ
é£é£,é£é£
ä½ å¥½,ä½ å¥½
jooe,jooe
å›§å›§æ‰“äºº,å›§å›§æ‰“äºº
yukikaze,yukikaze
ç±³é¥­,ç±³é¥­
xixo,xixo
æ°¸è¿œ,æ°¸è¿œ
æ©™å­,æ©™å­
something,something
å°éº¦,å°éº¦
huasong,huasong
äºŒç¾Š,äºŒç¾Š
ä¹å¤š,ä¹å¤š
åŒ†åŒ†,åŒ†åŒ†
ä¸€ç›´,ä¸€ç›´
ç‚¹ç‚¹,ç‚¹ç‚¹
ryan,ryan
æ³°ä¼¯,æ³°ä¼¯
dwb,dwb
ddxy,ddxy
è¥¿ç“œ,è¥¿ç“œ
ender,ender
å¥¶ç‰›,å¥¶ç‰›
é˜¿å°”,é˜¿å°”
æ— è¯­,æ— è¯­
é’é’,é’é’
ä¹™æœ¨,ä¹™æœ¨