name,createtime,count,player_list
angel,6,,
bolong,12,,
ä¼ è¯´ä¸­çš„è‚¥ç¾Š,13,,
aptx4968_,22,,
noswordknight,23,,
å†°é›ª,25,,
felixgqh,27,,
lzz,28,,
tengwan,30,,
dawn,31,,
llwlove,32,,
bishou,34,,
dreamyihan,35,,
zjq99,36,,
outwhite,38,,
colin,40,,
å¤§ä½¬é”®,42,,
è¤å¾—å…¬,44,,
sensen1015,45,,
ruirui,49,,
austige,54,,
çŠ¬å åçº§,56,,
ä¹¦æ…§å¿ƒç¥,57,,
yuki,60,,
grasszyf,61,,
nora,62,,
maoxianmengxin,64,,
leaondong,65,,
bolin,67,,
dafeng,68,,
golshenlan,71,,
lantern,72,,
shippou225,73,,
sblili,75,,
404699221,78,,
colby,82,,
ç‹‚å¥”çš„å¯ä¹é¥¼,86,,
teemomillion,87,,
waz511,89,,
stmx0v0,93,,
èŒ«éœä¸¶,95,,
dokidoki,96,,
äº‘äº‘,100,,
xty923,103,,
zhenglei8763,104,,
305373900,105,,
lc,106,,
gsherray,107,,
da,108,,
lha123com,110,,
xylh,111,,
xy_yun,113,,
å…«æ¢¨å‰©æ¯é™¢,116,,
1020191187,117,,
åŸºå› äºº,119,,
thief123abc,120,,
xhp,121,,
longbefore523,122,,
wuxin1116,124,,
hfluorine,125,,
å¤§é’°,126,,
wei,127,,
bigbai,128,,
yodawu,129,,
suchi,133,,
melo0,134,,
æˆ‘ä»¬è¿˜è¡Œå§,136,,
yang,137,,
å¤šèƒ–,215,,
kakyoin,216,,
npcxigua,217,,
joshua,218,,
123w,219,,
liveus,220,,
æ²§æµªæ˜Ÿ,223,,
byuan,225,,
reimu,227,,
olive_fang,256,,
ljy1,257,,
ç§¦å¿ƒ,258,,
ä¸‰åˆ€æµ333,262,,
yirenz,263,,
é³°åŸåƒå½©,264,,
lonelywater,265,,
ä¾å¸Œ,266,,
fengseyunhai,267,,
xiang,268,,
é»„æº,270,,
wzalxxxx,272,,
tar,274,,
akayuki,277,,
yidingge,278,,
ein,279,,
jmax,280,,
astaroth,286,,
é¢ç å‹‡è€…,288,,
dorfnao,289,,
å°ç™½216,291,,
ä¸‰åƒé™¢çœŸå¸†,292,,
mxhcx23,293,,
æ½˜å¿—ä¼Ÿ,298,,
yorkyuzhi,299,,
å¼ jl,301,,
bearkid,302,,
aphrox,304,,
447578569,306,,
mars,307,,
dancing toper,308,,
ç„å¿ƒç‰,309,,
clcjim,310,,
royalde,311,,
shadow,312,,
wongyim,313,,
test,314,,
test',315,,
test<img src=x>',316,,
test<img src=x>,317,,
test<img src=x>ee,318,,
"""><img src=x>",319,,
zzz142857,320,,
ç¬‘ç¬‘å‘€,321,,
ran,322,,
ç¡åœ¨æ ‘ä¸Šr,323,,
superdon,324,,
guilai,326,,
æœç„¶è‹¹æœå¤š,329,,
cookies,330,,
jordanzhu,331,,
kakaxi555,332,,
zero,333,,
mycming,334,,
godkill,335,,
å‰‘èˆå¤ªå¼ºäº†,336,,
hshddm,337,,
bullet430,338,,
c5210866,339,,
superslz,340,,
sdkbsl,341,,
é“¶ç¿˜ç‰‡,342,,
nyp555,343,,
fengxing,344,,
stongage9,345,,
sakuragi,346,,
èµµå¤©å¹³,347,,
justguest,348,,
ethernol,349,,
bebe737,350,,
çº¦ä¹¦äºš,351,,
lyd,352,,
wangkun,353,,
dshdd,354,,
ztlyw123,355,,
nai_xin,358,,
cyllll,359,,
394424082,362,,
luna,363,,
deng gan,364,,
æ˜Ÿæ²³,366,,
ğŸ´ äºº,367,,
çŒğŸ´ äºº,368,,
lonelywarden,369,,
zxy221,370,,
å°è®¸,371,,
sszhy0,372,,
fmy029,373,,
zd7804,374,,
shuaiqidewang,375,,
pan,376,,
lxxh,377,,
hojaye,378,,
æˆå¹´é›„æ€§å¤§ç†ŠçŒ«,379,,
xiaof,380,,
å¤§å˜´å·´åå,381,,
ç³¯ç±³å›¢å­,382,,
ç³¯ç±³å°å›¢å­,383,,
å¥‡ä¸€,384,,
äºŒæ™ºä¸ä¼šèµ·å,385,,
zy,386,,
fdower_bot,387,,
äº‘èµ·,388,,
quinsong,389,,
rachelxxxx,390,,
passivesheep,391,,
danding,392,,
fallingice,393,,
æ”¸å®,394,,
è‰¾æ­Œç»´å°”,397,,
deng ,399,,
vn5ng,400,,
manmanlai,401,,
cling,402,,
jue,403,,
ç“¶è£…é¢åŒ…,405,,
yuujin,406,,
piyo21,407,,
jefril,410,,
tkp,411,,
enderman,413,,
robber,414,,
zby1234567,415,,
zzby1234567,416,,
jwfs,417,,
zzetaiahosyojyo,418,,
cypher,422,,
kasi,423,,
wwr456,424,,
ä¿é€ç‹,425,,
812108847,426,,
qq812108847,427,,
iceloard,428,,
zuoluo1986,429,,
leifeng,430,,
silencio,431,,
lrx4927,432,,
è£‚ç©ºä¹‹ç—•,433,,
htser,434,,
htsermars,435,,
5pbr,437,,
pbr5,438,,
ares38,439,,
flysky,440,,
p5br,441,,
pbr51,442,,
curtainoao,443,,
ji,444,,
kasi1,445,,
xiaoqiang,446,,
suli,447,,
xujun,448,,
19060131,450,,
364042440,451,,
wenxiong,453,,
bitethedust,454,,
galaxyno1,455,,
gao,456,,
millik,457,,
loosen,460,,
viper,461,,
juejj,462,,
jy02930284,464,,
aosyzc,465,,
rastlin2,466,,
prclibo,467,,
lkimson,468,,
liikwun,469,,
liiik,470,,
feiyu,472,,
usopplikeme,473,,
usopplikemet,474,,
silence,475,,
hyandtyq,476,,
mh,477,,
xe2604,479,,
qq807619691,480,,
nil,481,,
gwj,482,,
wuliang,484,,
llxiaoyu001,486,,
æå¤©ç¦¹,487,,
æ±Ÿäº‘å¤©,488,,
ç³–ç³–,489,,
clown,490,,
wuqingkeng,491,,
neartree,492,,
coolmaxlee,493,,
å°å¤©å°é©°,495,,
1234500,496,,
wswb,497,,
qiuqiu,499,,
æ‹‰è¾¾å¤§ç‹,500,,
here,501,,
å­™åŒå½¤,502,,
qipa233,503,,
cirno,504,,
è¥¿ä¹¡,505,,
xing,506,,
xxlycxxlyc,507,,
songtangjie,508,,
royelw,511,,
1825512695,513,,
ç‹ç¨,515,,
xuxu,516,,
little_weaker,517,,
ggross,518,,
åé›¶å£¹æŸ’,519,,
3017,520,,
ted097,521,,
ekiko,522,,
dragonfucksky,523,,
z94899,524,,
shoye,525,,
xiaoe,526,,
zgm2807,528,,
sailij,529,,
æ«å¶çš„é£˜è½,530,,
å°å°æ±¤åŒ…å¯ç¬‘å¯ç¬‘,531,,
19850600533,532,,
cheng,533,,
ç‹é€¸æ–Œ,534,,
melo0,535,,
tedddd1997,536,,
sean002002,537,,
wzb,540,,
zgm2,541,,
zgm3,542,,
elfin,543,,
dresslyq,544,,
ztn2001,545,,
ztn,546,,
asanã ã‚ˆ,547,,
å°é±¼,548,,
ã‚¯ãƒ­ã§ã™,549,,
aa749526,550,,
deeprain,551,,
burninghei,552,,
blackurumi,553,,
heii,554,,
makise,555,,
ç§‹å±±æ¾ª,556,,
å‘†å”¯,557,,
amazingboy,558,,
amazingmurloc,559,,
weiniteli,561,,
link,563,,
link1,564,,
link1111,565,,
link8888,566,,
yu,568,,
xuxutongxue,569,,
bright1201,570,,
bright,571,,
bright2,572,,
æ³½ç»´å°”,573,,
qipa234,574,,
thuiwans,575,,
orangecat,576,,
dhvoca,577,,
hertz,578,,
may,579,,
testxixo,580,,
amber,582,,
tusi,583,,
ç‘¾ã€‚,584,,
lights,585,,
zzzzz2417001,586,,
hellstokamak,587,,
akrence,588,,
ç¬‘å± ,589,,
451150024@qq.com,591,,
hhaaa001,592,,
qinaiyi861121,593,,
moshang1,594,,
asahi,595,,
xyyun,596,,
jakï¼,598,,
æˆˆåˆ‚,599,,
åˆ’~,600,,
8.9.10,601,,
wzb111,602,,
alexdecade,603,,
é‡ç”Ÿç”·äºº,608,,
wzbq,609,,
ex,610,,
é»‘é¬ƒæ ¼é›·,611,,
ææ™“æµ©,613,,
liyanqiang123,615,,
å°èµµ,616,,
darkmatter,617,,
èœç±½æ²¹,618,,
rogeryoci,619,,
k1a,620,,
sarah,621,,
chillshaw,623,,
é›¶åº¦é›ªz,624,,
é¾™7é¾™,625,,
ç²½ä¼šå’¸,626,,
dé¾™ğŸ‰,627,,
zyf306011675,628,,
homura_rara,629,,
187123,630,,
wwq,631,,
eldermee,634,,
aidyl2,635,,
dé¾™,636,,
htht,637,,
gcy0112,638,,
hjw1991,639,,
å®é™è‡´è¿œ,640,,
è¯´ä¹¦äºº,643,,
momo233,644,,
tentop,645,,
uusu,648,,
332674315,652,,
å®‡å®™çš„ç§å­,655,,
joeylike,656,,
angou,659,,
ç¥@å§œä¸,660,,
wsym,661,,
zero0831,662,,
tim,663,,
yushi615,664,,
aniz,665,,
patxu,666,,
lost,667,,
anizz,669,,
sanmu,670,,
ctj,671,,
è‰è“å“¥å“¥,673,,
miho7615,674,,
alpha775,676,,
æœ‰å·,677,,
necros,678,,
tezzeret,679,,
xuwei,680,,
lz73,682,,
ç”°äºŒ,683,,
judy,684,,
pangxiaofu,685,,
wyb,686,,
vincent,687,,
raymond lu,688,,
magic_bottle,690,,
é™Œæ¡ƒå¤­,691,,
mty,692,,
evey,693,,
623690292,694,,
linklu,695,,
ä¹å¤§å¤§å“¥,696,,
é‡‘å¯Œè´µ,697,,
è´«åƒ§,698,,
gxt,699,,
mew,700,,
willll,701,,
1048624309,703,,
arcadio0304,704,,
nor,705,,
xiaoyang,706,,
yangyh408,707,,
xxr,709,,
the great,713,,
huiln,715,,
skyfallnow,716,,
wjjlcky,717,,
cappuccino,720,,
pas2017,722,,
æ³¡æ³¡å“’å“Ÿ,723,,
zll,724,,
xigua,727,,
æ›²ä¿Šå®‡å¤§çˆ¸,728,,
éƒæŒ¯è¿œä»–çˆ¹,729,,
éƒæŒ¯è¿œä»–å¤§çˆ¸,730,,
ex2001,731,,
fluorrauy,732,,
11111,733,,
123456789,734,,
jtys,735,,
kinoko,736,,
å¤œã®å¡µ,737,,
joe376983056,739,,
huoxuhuoxu,740,,
iceiceice,742,,
knock,743,,
æ˜ŸæœŸä¸‰,744,,
è¿™é‡Œçš„æ°´å¾ˆæ·±,746,,
sancj,747,,
jeff4344,748,,
zxk,749,,
klomday,753,,
sapphire,755,,
992672363,758,,
gj2323,759,,
é£æ®‡,760,,
flyingwind,761,,
éƒä¸–å¿ ,762,,
jokerbababa,764,,
lalabo,765,,
darkotori,768,,
yuyeye,771,,
pq33,772,,
jerryalex,773,,
khcy2003,775,,
chenppp,776,,
irisome,777,,
wclizhijian,778,,
fanrenkewei,779,,
xiaoyupwww,782,,
ccqqyy1995,783,,
zilanchen,784,,
pete,785,,
shadowha,786,,
ywm00700,787,,
cbyl,788,,
wzbwzb,789,,
714835471,790,,
vincent17,791,,
nick,793,,
å½å½å“‡å“‡,795,,
å½å½å“‡å“‡å“‡,796,,
ababedin,797,,
shizi,798,,
æ¯”ä¼è°·èŒ,799,,
kiever,801,,
é£˜é£˜,802,,
zyzè€å¤´,803,,
qqww11963,804,,
michaelzhw,805,,
w4,806,,
baobao,807,,
å…±åˆ›é«˜è€ƒå¥‡è¿¹,808,,
å…±åˆ›é«˜è€ƒå¥‡è¿¹1,809,,
chengming,812,,
twii,813,,
asgardku,815,,
szht,816,,
vl,819,,
rhagbi,821,,
kuhake,822,,
lard_c,825,,
ä¸¹genæ»‘,828,,
shiningasuna,829,,
yuxiaoyu,830,,
neet,831,,
lwcring,832,,
779777930,833,,
1179645388,834,,
zakizel,835,,
guangdedongdong,837,,
hasky,838,,
otto,840,,
lx0095,842,,
chikunla,843,,
bhalonso,844,,
wllsl,845,,
alin,846,,
xiaohu,849,,
godhu,850,,
light,851,,
luckyness,852,,
zyq,853,,
sccdzzq,855,,
sccdlh,856,,
seekeruo34,857,,
roland13,858,,
yfferonia,860,,
sitaoyong,861,,
wznmickey,863,,
cjdtcxjm1984,864,,
æ«æ«æ«,865,,
æ«æ«,866,,
rosa77,868,,
seiho,869,,
leon777,871,,
mkdebug,872,,
miaofans,873,,
zyq321,874,,
lsyyyds,875,,
648864265,877,,
648834265,878,,
lbhhh,879,,
fish314,880,,
yxw,881,,
lqf,882,,
andy,883,,
åŸæ¸¸è¯—äººæ´¾å¤§æ˜Ÿ,884,,
å‘¨æ™ºè¶…,885,,
1shen,886,,
1006222671,887,,
gtxyxcy,888,,
highlh,889,,
gohasky,890,,
736814079,891,,
kexing,892,,
amigo,893,,
jokerlancer,895,,
ä¹¦é™¢åä¸ƒå…ˆç”Ÿ,896,,
n.shuai,897,,
f22af,898,,
zjx_74161,900,,
muse,902,,
oyzk,904,,
yuanloge,905,,
monei,906,,
zsh,907,,
liured,909,,
dino,910,,
henrykamqq,912,,
hg13422233,913,,
æ²™çªç›,914,,
marvin,915,,
uu,916,,
tnncryptic,917,,
wsl,918,,
4399,921,,
vgtables,922,,
frozenafire,925,,
é˜¿æ°hoho,926,,
è¥¿æœ¨é‡,927,,
janus2077,928,,
zhaojier,929,,
hasborn,930,,
yilin,931,,
çš‡æ—æ°¸ä¸è¨€å¼ƒ,932,,
lcg3430,935,,
zhaokj,936,,
balance,937,,
åŸºäºæ„Ÿåº”çº¿åœˆ,939,,
èŒ«å±±,940,,
yaoyao,944,,
çƒˆæ—¥ç¼å¿ƒ,945,,
justtc,947,,
naga,948,,
æ˜¯å¾ˆå¥½,949,,
å…¨éº¦å«©è‚©,950,,
è„±è„‚è‚‹çœ¼,951,,
lyl1998528,952,,
windsilent,954,,
tendoca,955,,
sakana,956,,
hindsightai,957,,
fdotgc,958,,
ella,959,,
ellahuang,960,,
ellahuang0824,961,,
ellahuang233,962,,
jeoking,965,,
z625960353,966,,
pentadream,968,,
xzhu,969,,
reznov,970,,
wangkai,971,,
wangvito,972,,
yht2034,973,,
hikage_unl,974,,
jtharmony,976,,
èµµæ–‡è¿ª,977,,
chenzm,978,,
hattie,979,,
luckirin,980,,
tar2,981,,
muxiaoxuan,982,,
p.j.c,984,,
æŒæŸœäº†æ¥äº†,986,,
yjj,988,,
xuexunfengxian,989,,
æ¡‘ä¸€æ¸,990,,
736992703,991,,
aaqige,992,,
hewei94,993,,
redartist,994,,
vbn,995,,
mumu,997,,
é»‘æ¡ƒä½œ2,999,,
æ˜¯æ¢¨é…±å‘€,1000,,
ç‹å…«è›‹,1001,,
ljysb,1002,,
yakumo,1004,,
alala,1005,,
å‘¨æ·,1007,,
eu,1008,,
xutian,1010,,
k1155007,1011,,
yp.avi,1013,,
siruiyu,1015,,
crashbilly,1016,,
çŒ«çŒ«è­¦é•¿,1017,,
lhrst,1020,,
karl,1022,,
biubiubiu,1023,,
hhzrr,1024,,
ä½ çš„çˆ¸çˆ¸,1025,,
mb7005,1026,,
suzuka,1027,,
taozaa,1028,,
just,1029,,
tianyym,1031,,
é¢å…·æ‰å­,1032,,
sjkdante,1033,,
å‚å•†,1034,,
ä¸‰ç­å¤§ç­é•¿,1035,,
fengqiuqiu,1036,,
zxcv971,1037,,
dk_koko,1038,,
pascal,1039,,
nobody,1040,,
èŒæ¢µ,1041,,
speedforcelin,1042,,
phoenix,1043,,
xiakeæ,1044,,
rilzob,1045,,
porlotj,1046,,
å¤ªé˜³åœ¨æ°´ä¸‹,1047,,
arthurending,1048,,
1228478723,1050,,
zzhds,1051,,
æˆè°‘,1052,,
è‘³è•¤llk,1053,,
iceblue,1054,,
ht,1055,,
luckyluffy,1057,,
ä¹”å¯å—,1058,,
å£¬é˜³,1059,,
wizardyh,1062,,
hsy84839340,1063,,
æ´»äº†,1064,,
hsy12345678,1065,,
hsy123456789,1066,,
wilson,1067,,
å¤©éŸ³,1068,,
wwd,1070,,
wzx,1071,,
cyyyds,1072,,
lfk,1073,,
å°å¤œå­,1074,,
realpiggy,1075,,
moka,1077,,
radar,1081,,
radar2,1082,,
6mmm,1083,,
cdydemzeroking,1085,,
midnightsun,1086,,
hypnos001,1088,,
bbcd64,1089,,
é˜¿æ–¯åˆšè¶…,1090,,
bearht,1091,,
æˆ‘è¦åä¸ªèŒ¶å¶è›‹,1092,,
saber952003,1093,,
fyh,1094,,
tcola1201,1095,,
13232910016,1096,,
tyz,1097,,
åˆ˜èƒ–åœ†,1098,,
yiriyou1,1100,,
å¤±æœ›æ˜Ÿç©º,1102,,
dayo,1103,,
kkk123,1104,,
lonelysail,1105,,
taxz,1106,,
201806050203,1107,,
ä¸œé‡é­æ¢§,1110,,
bugmaker,1111,,
123,1112,,
1235,1113,,
dwawd,1114,,
1236987,1115,,
ljc012345,1116,,
hsq,1117,,
1a2b3c,1118,,
shuijing,1119,,
111,1120,,
zjcube,1123,,
geb,1124,,
player-d,1125,,
15093302272,1126,,
polypass,1127,,
kkkk,1128,,
w1119171994,1129,,
w18346355095,1130,,
18737571502,1131,,
qazaqyang,1133,,
jenniferjareau,1134,,
zgqk,1135,,
å¥½é—²,1136,,
xiaoyezi,1137,,
xwd,1138,,
xiaomi2145,1140,,
parmen073,1141,,
æ˜“é“,1142,,
leohc92,1143,,
sbeam,1144,,
zzh,1145,,
liguoyu,1146,,
690214379,1147,,
jake,1148,,
f4y,1149,,
baishujiefashi,1150,,
q86049056,1151,,
86049056,1152,,
æ¨æ–°å®‡çš„äº²çˆ¹,1153,,
talloran,1154,,
54321,1155,,
yufan,1156,,
å¼ å–µå–µ,1157,,
shuangsheng0114,1158,,
rqt123456,1159,,
medicine,1160,,
95598,1161,,
é»‘æ–‡,1162,,
123654789,1163,,
123zxc,1164,,
295295,1165,,
ç©†é˜³èŒœ,1166,,
hikaruerving,1167,,
jomiii,1168,,
chen,1169,,
venonyoung,1170,,
iiiiiiiiiii,1171,,
å½­ä¸€é¸£,1172,,
frankcui,1173,,
ä¼Šæ‹‰å¨œä¾å­,1174,,
äººæ•™ç‰ˆå°å­¦è‹±è¯­å•è¯è¡¨,1175,,
123111,1176,,
æœ±å®¶è‰¯,1177,,
lizhipeng,1178,,
1233,1179,,
12344,1180,,
æ®‡å¿µ,1181,,
cloudfall,1182,,
mofang64,1183,,
å®‡å“¥,1185,,
89898615,1187,,
fdffs,1188,,
xianjiao,1190,,
tpy001,1191,,
spinleft,1193,,
å§å±±çœ‹æ°´é—²è¸é›ª,1194,,
hashiqi,1195,,
owen2006,1197,,
suzi,1198,,
lumos,1200,,
lanni,1201,,
æ²‰é‡çš„æµ·ç»µ,1202,,
2000,1203,,
é•¿çš„åŸ,1204,,
taipei_silent,1205,,
ç¦ç¦,1206,,
zscott,1207,,
et_anger,1208,,
kaisa,1209,,
vinciwill,1210,,
1371998028,1212,,
ç«æ˜Ÿå¾½å·å®´,1213,,
harveyli,1214,,
xiaozhiql,1215,,
xiang12,1216,,
marsnoname,1217,,
è€¿å¸ˆå‚…,1218,,
serge,1219,,
åŒ…#,1220,,
linke991,1221,,
cel,1222,,
mirror1023,1223,,
eternity,1224,,
qrcru,1225,,
miaogor,1227,,
ciyosi,1228,,
even,1229,,
maste,1230,,
ljbk,1231,,
moonmmm,1232,,
fanjing5753,1234,,
davymartin,1235,,
skylotus,1236,,
xuhaowen,1237,,
gaolei,1238,,
mss,1239,,
master_yi,1241,,
katrinawu,1242,,
pierce,1243,,
icarus,1244,,
æ¢¦éŸ©,1245,,
lusuey,1246,,
liang1029529876,1247,,
sun sky,1248,,
tianxiaqingqi,1249,,
bigstone,1250,,
é£æŸ,1251,,
ly,1252,,
å¨‡å¨‡,1253,,
roshun,1254,,
èŠ±é—´,1255,,
shuimumu,1256,,
1940272865,1257,,
unowen,1259,,
williamskyer,1260,,
fake0000,1261,,
prayer,1262,,
zhongduabcanguan,1263,,
zhongduancanguan,1264,,
zzz2zzz2s2,1265,,
dzbww_whz,1266,,
nor96,1267,,
233,1269,,
shuxiong,1270,,
ada_330000,1271,,
17631360120,1272,,
bgk_zero,1273,,
pudding,1274,,
lxl,1275,,
æ›²å¥‡é¥¼,1276,,
lnoobnoob,1277,,
pilot,1278,,
rhisj,1279,,
ç¥ç€,1280,,
æœˆçƒçƒé•¿é©¬äº‘,1281,,
wing,1282,,
è¥¿è¥¿å¼—,1283,,
vicky,1284,,
whr,1285,,
æµ©ç„¶,1286,,
elderlypeng,1287,,
sayoi,1288,,
è€è¡²æ³•å·æ¶©æ…§,1289,,
c.h.b,1290,,
cropsfeeder,1291,,
è´¤é¸½é¸½,1292,,
ä½ å¤Ÿå•¦,1293,,
å¤§å±±,1294,,
ligodan,1295,,
æ˜¥é¢¨é€ç¦,1296,,
å°é€—,1297,,
æ€ªæ¡ƒc,1298,,
lun_hui_,1299,,
è¿·é¹¿,1300,,
345678,1301,,
æ™¨æ˜Ÿæœªè½,1302,,
zscgr,1303,,
tudou,1304,,
ks096,1305,,
æ‡¿è¡Œ,1306,,
qqw,1307,,
èŒœèŒœå…¬ä¸»,1308,,
little_benny,1309,,
sandy,1310,,
è†æ£˜å®ˆæŠ¤,1311,,
gjy,1312,,
zamiry,1313,,
é’»ç§¦å’•å½,1314,,
marvelous,1315,,
cba,1316,,
huanyingxh,1317,,
noliisé›ªè¤,1318,,
nolilis1996,1319,,
redcleaner,1320,,
jerpei,1321,,
å‘¨æ–°äº®,1322,,
wwtdjh,1323,,
å¥½äºº,1324,,
å¥½äººï¼,1325,,
marshallkim,1326,,
mioni,1327,,
æ˜Ÿæ¢µ,1328,,
1427347780,1329,,
mzy,1330,,
hanasaki,1331,,
2430789178,1332,,
qaq,1333,,
piaoling,1334,,
cheesed,1335,,
cheese,1336,,
å°å¤ªé˜³çš„ä¸‹é›¨å¤©,1337,,
bing,1338,,
tracy,1339,,
mandapan,1340,,
fengfeng,1341,,
wokong123,1342,,
wukong123,1343,,
amatsuki,1344,,
ppips,1345,,
ffeng,1346,,
smbsljj,1347,,
matthewt45,1348,,
xwz,1349,,
misaki6168,1350,,
00,836,35.0,00
1012k,283,2.0,1012k
12345,132,19.0,12345
123456,509,1.0,123456
1609884203,811,4.0,1609884203
17826818782,941,13.0,17826818782
183454241,750,3.0,183454241
1962142767,1132,4.0,1962142767
1mmm,903,1.0,1mmm
2397541142,942,14.0,2397541142
26,672,2.0,26
489326240,985,8.0,489326240
4tharticle,1258,2.0,4tharticle
769991388,29,2.0,769991388
827717358,862,14.0,827717358
aipotu,651,26.0,aipotu
ajh,39,1.0,ajh
alex,1226,1.0,alex
amadeus,1108,17.0,amadeus
apex,810,8.0,apex
aptx4869,726,41.0,aptx4869
automuen,92,7.0,automuen
aydenegg,409,1.0,aydenegg
biaodi,421,4.0,biaodi
black_uuz,229,3.0,black_uuz
blake,84,2.0,blake
bluelingb,130,11.0,bluelingb
boxness,404,2.0,boxness
bulez00,1079,4.0,bulez00
catcher1234,681,16.0,catcher1234
ccl,259,2.0,ccl
ccy,658,1.0,ccy
chad,721,1.0,chad
chest,824,1.0,chest
cl,1060,39.0,cl
cloream,47,4.0,cloream
creeper,88,1.0,creeper
crlr,774,2.0,crlr
cyy,848,1.0,cyy
daxinge,646,12.0,daxinge
ddd,37,4.0,ddd
ddxy,135,95.0,ddxy
deng,398,2.0,deng
dr,498,2.0,dr
dwb,653,90.0,dwb
dynilath,938,1.0,dynilath
ed,657,1.0,ed
eie,766,2.0,eie
elllllll,817,1.0,elllllll
ender,2,116.0,ender
ernest,226,2.0,ernest
faywei,74,6.0,faywei
feng,1049,1.0,feng
fklmgj,63,7.0,fklmgj
flagalac,1121,2.0,flagalac
fluor,711,1.0,fluor
flyingfish,654,3.0,flyingfish
francis,689,2.0,francis
franklinchan,5,3.0,franklinchan
g.c,97,2.0,g.c
ghsap,919,10.0,ghsap
gswz,463,1.0,gswz
guguty,946,1.0,guguty
gxz,867,9.0,gxz
haha,412,12.0,haha
hehe,923,3.0,hehe
hong,420,2.0,hong
howard514,228,3.0,howard514
huasong,99,67.0,huasong
icefinger,408,1.0,icefinger
invokercat,668,1.0,invokercat
jack,996,12.0,jack
jd,85,4.0,jd
jequirity,287,19.0,jequirity
joe,1030,7.0,joe
joker,953,9.0,joker
jooe,647,45.0,jooe
jrj,303,6.0,jrj
juri,512,1.0,juri
juyuan,276,1.0,juyuan
kino,1,25.0,kino
kk,934,2.0,kk
kkcat,24,1.0,kkcat
kriko,1192,2.0,kriko
lala,471,2.0,lala
laola,361,2.0,laola
ldxbr,452,3.0,ldxbr
leon,870,1.0,leon
lost wall,967,1.0,lost wall
lxj990507,847,1.0,lxj990507
lxlx,1014,2.0,lxlx
michaelis200,899,3.0,michaelis200
misaki,4,12.0,misaki
mizuzu,1184,1.0,mizuzu
mocca,1078,2.0,mocca
mohanzhi,943,1.0,mohanzhi
mosquito,77,7.0,mosquito
nafarian,1061,25.0,nafarian
naixin,41,4.0,naixin
neetwing,1018,1.0,neetwing
nero,725,1.0,nero
nightwish_sola,53,1.0,nightwish_sola
nihao,741,1.0,nihao
nomad,757,1.0,nomad
north,1240,1.0,north
oddish1,604,1.0,oddish1
oddish2,605,1.0,oddish2
oddish3,606,1.0,oddish3
oddish4,607,1.0,oddish4
owl,16,34.0,owl
pastoshamps,271,1.0,pastoshamps
peace,719,2.0,peace
pokerzzz,752,1.0,pokerzzz
psycho,1080,3.0,psycho
qfy,260,12.0,qfy
qi,622,1.0,qi
qrcruq,1189,1.0,qrcruq
quanshu,560,1.0,quanshu
quill,458,7.0,quill
r6y1717,827,3.0,r6y1717
rastlin,98,1.0,rastlin
redseagull,826,1.0,redseagull
redwhitecr7,712,1.0,redwhitecr7
rohana,597,2.0,rohana
ryan,55,83.0,ryan
salaman,763,1.0,salaman
sanduo,360,4.0,sanduo
sayeah,1101,29.0,sayeah
sfzhang,920,1.0,sfzhang
shishen,800,2.0,shishen
silkroad,963,5.0,silkroad
smorkey,780,1.0,smorkey
something,10,63.0,something
ss,94,2.0,ss
starry,69,3.0,starry
starwolf,269,32.0,starwolf
steamriki,754,3.0,steamriki
sweetish,327,1.0,sweetish
szl271828,738,1.0,szl271828
tamaki,356,10.0,tamaki
tanwu2000,614,18.0,tanwu2000
till when,1186,1.0,till when
tm-tour-101,148,2.0,tm-tour-101
tm-tour-136,154,2.0,tm-tour-136
tm-tour-163,179,2.0,tm-tour-163
tm-tour-187,144,2.0,tm-tour-187
tm-tour-19,140,3.0,tm-tour-19
tm-tour-213,157,2.0,tm-tour-213
tm-tour-305,178,2.0,tm-tour-305
tm-tour-398,180,2.0,tm-tour-398
tm-tour-426,139,3.0,tm-tour-426
tm-tour-470,146,2.0,tm-tour-470
tm-tour-485,138,2.0,tm-tour-485
tm-tour-515,156,2.0,tm-tour-515
tm-tour-552,155,2.0,tm-tour-552
tm-tour-561,141,2.0,tm-tour-561
tm-tour-583,151,2.0,tm-tour-583
tm-tour-592,186,2.0,tm-tour-592
tm-tour-630,182,5.0,tm-tour-630
tm-tour-670,143,2.0,tm-tour-670
tm-tour-688,158,2.0,tm-tour-688
tm-tour-694,145,4.0,tm-tour-694
tm-tour-71,142,1.0,tm-tour-71
tm-tour-738,149,1.0,tm-tour-738
tm-tour-743,150,1.0,tm-tour-743
tm-tour-801,153,1.0,tm-tour-801
tm-tour-822,147,2.0,tm-tour-822
tm-tour-846,152,2.0,tm-tour-846
tm-tour-91,195,2.0,tm-tour-91
tm-tour-961,181,2.0,tm-tour-961
tour-111,235,2.0,tour-111
tour-123,196,3.0,tour-123
tour-148,237,2.0,tour-148
tour-175,232,2.0,tour-175
tour-204,173,3.0,tour-204
tour-21,209,2.0,tour-21
tour-222,211,2.0,tour-222
tour-234,206,2.0,tour-234
tour-238,161,3.0,tour-238
tour-241,198,2.0,tour-241
tour-242,246,1.0,tour-242
tour-252,254,3.0,tour-252
tour-260,251,1.0,tour-260
tour-267,234,2.0,tour-267
tour-279,193,2.0,tour-279
tour-290,169,2.0,tour-290
tour-3,194,3.0,tour-3
tour-300,163,2.0,tour-300
tour-307,200,2.0,tour-307
tour-314,255,1.0,tour-314
tour-334,244,1.0,tour-334
tour-345,162,3.0,tour-345
tour-356,252,2.0,tour-356
tour-367,250,3.0,tour-367
tour-369,253,1.0,tour-369
tour-413,236,2.0,tour-413
tour-416,176,2.0,tour-416
tour-418,177,3.0,tour-418
tour-428,202,3.0,tour-428
tour-440,213,2.0,tour-440
tour-449,208,3.0,tour-449
tour-45,175,2.0,tour-45
tour-469,247,2.0,tour-469
tour-486,170,2.0,tour-486
tour-496,192,2.0,tour-496
tour-509,164,3.0,tour-509
tour-513,190,2.0,tour-513
tour-518,205,2.0,tour-518
tour-528,166,2.0,tour-528
tour-532,165,2.0,tour-532
tour-533,238,2.0,tour-533
tour-554,183,3.0,tour-554
tour-555,231,2.0,tour-555
tour-561,241,3.0,tour-561
tour-597,185,2.0,tour-597
tour-613,248,1.0,tour-613
tour-617,212,2.0,tour-617
tour-624,242,2.0,tour-624
tour-626,171,2.0,tour-626
tour-63,159,2.0,tour-63
tour-640,214,2.0,tour-640
tour-642,191,2.0,tour-642
tour-661,172,2.0,tour-661
tour-670,249,3.0,tour-670
tour-672,245,1.0,tour-672
tour-688,243,2.0,tour-688
tour-7,189,2.0,tour-7
tour-701,184,2.0,tour-701
tour-710,203,4.0,tour-710
tour-715,230,2.0,tour-715
tour-724,167,1.0,tour-724
tour-747,199,1.0,tour-747
tour-780,210,1.0,tour-780
tour-788,160,1.0,tour-788
tour-798,201,1.0,tour-798
tour-821,197,1.0,tour-821
tour-829,204,1.0,tour-829
tour-843,188,1.0,tour-843
tour-857,207,1.0,tour-857
tour-904,239,2.0,tour-904
tour-960,187,2.0,tour-960
tour-962,233,2.0,tour-962
tour-969,240,2.0,tour-969
tour-975,168,3.0,tour-975
tour-978,174,2.0,tour-978
toutou,675,8.0,toutou
tsukikage,632,7.0,tsukikage
ty,894,1.0,ty
van,80,4.0,van
wapian,1019,2.0,wapian
watashiwaangel,296,1.0,watashiwaangel
wee0815,395,25.0,wee0815
wenxionglam,510,8.0,wenxionglam
william,1087,1.0,william
wjyå´æ‰,284,8.0,wjyå´æ‰
wms,642,16.0,wms
wu,975,5.0,wu
xiaomo,1012,2.0,xiaomo
xigema,911,1.0,xigema
xixo,483,50.0,xixo
xq,1076,2.0,xq
xu,1099,3.0,xu
yddyqjd,50,3.0,yddyqjd
yk,792,2.0,yk
yty,710,1.0,yty
yuexing,823,2.0,yuexing
yukikaze,641,48.0,yukikaze
yyyz,325,1.0,yyyz
zbj,649,6.0,zbj
zgm,539,1.0,zgm
zhangcheng,633,2.0,zhangcheng
zhutan,300,1.0,zhutan
zk2910889,396,7.0,zk2910889
zxapdh,8,2.0,zxapdh
zyd,814,7.0,zyd
zzx,590,12.0,zzx
ä¸€åˆ€ä¸€ä¸ªç‰›å¤´äºº,714,2.0,ä¸€åˆ€ä¸€ä¸ªç‰›å¤´äºº
ä¸€ç¯,275,12.0,ä¸€ç¯
ä¸€ç›´,20,79.0,ä¸€ç›´
ä¸‡ä¸ˆåƒæ˜,494,2.0,ä¸‡ä¸ˆåƒæ˜
ä¸æ³¯ç†å¿µ,112,5.0,ä¸æ³¯ç†å¿µ
ä¸å·¾,51,2.0,ä¸å·¾
ä¹å¤š,81,74.0,ä¹å¤š
ä¹™æœ¨,17,301.0,ä¹™æœ¨
ä¹æ–¹è ¡,261,15.0,ä¹æ–¹è ¡
ä¹æ­Œ,365,1.0,ä¹æ­Œ
äºŒç¾Š,79,68.0,äºŒç¾Š
ä½ å¥½,290,45.0,ä½ å¥½
å‰å¤§ç©ºä½¬,818,1.0,å‰å¤§ç©ºä½¬
å†¬å¤œä¸¶,221,10.0,å†¬å¤œä¸¶
å†°çº¢èŒ¶çœŸå¥½å–,90,7.0,å†°çº¢èŒ¶çœŸå¥½å–
å†²é”‹,14,7.0,å†²é”‹
åŒ…å­,854,2.0,åŒ…å­
åŒ†åŒ†,131,78.0,åŒ†åŒ†
å‹äºº,11,2.0,å‹äºº
åŒå­,901,8.0,åŒå­
åŸæ¸¸è¯—äºº,357,18.0,åŸæ¸¸è¯—äºº
å¬é£è†é›¨,449,29.0,å¬é£è†é›¨
å“ˆå£«å¥‡,1196,2.0,å“ˆå£«å¥‡
å”¯æ…•,1056,8.0,å”¯æ…•
å•¦å•¦å•¦,876,24.0,å•¦å•¦å•¦
å›§å›§æ‰“äºº,295,45.0,å›§å›§æ‰“äºº
å›¾æ‹‰å¥—,3,23.0,å›¾æ‹‰å¥—
åšæœsama,751,1.0,åšæœsama
å¤©ä½¿,9,12.0,å¤©ä½¿
å¥¶ç‰›,83,154.0,å¥¶ç‰›
å®‰é€¸,1233,2.0,å®‰é€¸
å°äº‘å°,718,3.0,å°äº‘å°
å°z,70,37.0,å°z
å°äº”ç¾Š,114,12.0,å°äº”ç¾Š
å°ä¼é¹…,66,3.0,å°ä¼é¹…
å°å¤©åŠæœˆé—ª,1003,1.0,å°å¤©åŠæœˆé—ª
å°æ™º,924,2.0,å°æ™º
å°éŸ³,908,10.0,å°éŸ³
å°éº¦,702,63.0,å°éº¦
å°é»„,305,16.0,å°é»„
å°é»‘,91,36.0,å°é»‘
å°¼å¤æ‹‰è€¶ç»´åŸº,1139,1.0,å°¼å¤æ‹‰è€¶ç»´åŸº
å°¼ç¦„,123,2.0,å°¼ç¦„
åº„å­,118,8.0,åº„å­
åº„ç”Ÿ,18,26.0,åº„ç”Ÿ
å¼ ç‹—å®‡,328,1.0,å¼ ç‹—å®‡
å¼ è€€ä¸œ,839,9.0,å¼ è€€ä¸œ
å¾½å°‘,48,3.0,å¾½å°‘
æ€é”,708,6.0,æ€é”
æ„Ÿè§‰æ— åŒ,285,12.0,æ„Ÿè§‰æ— åŒ
æ‹‰æ™®æ‹‰æ–¯,514,29.0,æ‹‰æ™®æ‹‰æ–¯
æŒæŸœçš„æ¥äº†,987,13.0,æŒæŸœçš„æ¥äº†
æ”¾å­¦åˆ«èµ°,419,1.0,æ”¾å­¦åˆ«èµ°
æ–‡ç”Ÿ,7,41.0,æ–‡ç”Ÿ
æ–¹èŠ³,46,43.0,æ–¹èŠ³
æ— åçš„é¸½å­,273,4.0,æ— åçš„é¸½å­
æ— å¿ƒä¹‹é­‚,769,1.0,æ— å¿ƒä¹‹é­‚
æ— æƒ…çš„å‘½è¿,436,23.0,æ— æƒ…çš„å‘½è¿
æ— è¯­,21,176.0,æ— è¯­
æ˜Ÿé›¨æ—¥å’Œ,15,1.0,æ˜Ÿé›¨æ—¥å’Œ
æ™“é»‘,115,7.0,æ™“é»‘
æš—ç¿¼,581,2.0,æš—ç¿¼
æœ‰æ²¡æœ‰å¯èƒ½æ˜¯ä½ ä»¬èœå‘¢,1069,2.0,æœ‰æ²¡æœ‰å¯èƒ½æ˜¯ä½ ä»¬èœå‘¢
æœ¨ç¤º,567,12.0,æœ¨ç¤º
æ­ç¿,102,8.0,æ­ç¿
æŸ´éƒ¡çŒ«,964,4.0,æŸ´éƒ¡çŒ«
æ¡ƒå­,767,27.0,æ¡ƒå­
æ©™å­,19,54.0,æ©™å­
æ°´é¬¼,222,21.0,æ°´é¬¼
æ°¸è¿œ,58,53.0,æ°¸è¿œ
æ³°ä¼¯,281,86.0,æ³°ä¼¯
æ·±æµ·çš„è¾¾ä¸æºœ,859,20.0,æ·±æµ·çš„è¾¾ä¸æºœ
ç‚¹ç‚¹,485,82.0,ç‚¹ç‚¹
ç‰§æ®‡,297,3.0,ç‰§æ®‡
çŒ«çŒ«,1006,3.0,çŒ«çŒ«
ç‹å­,1009,6.0,ç‹å­
ç‘å‡¤,224,16.0,ç‘å‡¤
ç«¥è¯,76,33.0,ç«¥è¯
ç±³é¥­,26,48.0,ç±³é¥­
ç´«è‹‘å¯ºæ— è‰¯,756,3.0,ç´«è‹‘å¯ºæ— è‰¯
ç»´å°¼ç†Š,1211,2.0,ç»´å°¼ç†Š
ç½—æˆ,52,2.0,ç½—æˆ
è€ç‹,1199,28.0,è€ç‹
è€é‚±,538,8.0,è€é‚±
èƒ¡å®‡å½¬,983,3.0,èƒ¡å®‡å½¬
èŠ±èˆ,1021,1.0,èŠ±èˆ
èŠ±è è,770,1.0,èŠ±è è
è™è™è™,43,3.0,è™è™è™
è¥¿ç“œ,781,98.0,è¥¿ç“œ
è¯·å«æˆ‘å ‡è€å¸ˆ,745,3.0,è¯·å«æˆ‘å ‡è€å¸ˆ
è°¢å›½æ˜Ÿ,1084,5.0,è°¢å›½æ˜Ÿ
èµµèµµ,1268,1.0,èµµèµµ
è¾‘å½•,562,1.0,è¾‘å½•
é’é’,59,269.0,é’é’
é˜¿å°”,294,159.0,é˜¿å°”
é˜¿æ–¯åŠ å¾·,459,1.0,é˜¿æ–¯åŠ å¾·
é˜¿ç‹—é”„å¤§åœ°,101,9.0,é˜¿ç‹—é”„å¤§åœ°
é›ªæ«»,841,12.0,é›ªæ«»
é›¶ç‚¹,1122,2.0,é›¶ç‚¹
é¢œå¿—ç‚«,650,6.0,é¢œå¿—ç‚«
é£é£,109,44.0,é£é£
é£é±¼,794,40.0,é£é±¼
é­è‰¯,933,7.0,é­è‰¯
é¯Šé­š,820,2.0,é¯Šé­š
é¸½å­,282,8.0,é¸½å­
éº’éºŸ,478,43.0,éº’éºŸ
é»„é¸¡,33,14.0,é»„é¸¡
é»‘æ¡ƒä½œ,998,1.0,é»‘æ¡ƒä½œ
é¾™æ—¥å¤©,527,2.0,é¾™æ—¥å¤©
ğŸ,1109,10.0,ğŸ
ğŸ´ r,612,8.0,ğŸ´ r
