name,createtime
kino,1
ender,2
å›¾æ‹‰å¥—,3
misaki,4
franklinchan,5
angel,6
æ–‡ç”Ÿ,7
zxapdh,8
å¤©ä½¿,9
something,10
å‹äºº,11
bolong,12
ä¼ è¯´ä¸­çš„è‚¥ç¾Š,13
å†²é”‹,14
æ˜Ÿé›¨æ—¥å’Œ,15
owl,16
ä¹™æœ¨,17
åº„ç”Ÿ,18
æ©™å­,19
ä¸€ç›´,20
æ— è¯­,21
aptx4968_,22
noswordknight,23
kkcat,24
å†°é›ª,25
ç±³é¥­,26
felixgqh,27
lzz,28
769991388,29
tengwan,30
dawn,31
llwlove,32
é»„é¸¡,33
bishou,34
dreamyihan,35
zjq99,36
ddd,37
outwhite,38
ajh,39
colin,40
naixin,41
å¤§ä½¬é”®,42
è™è™è™,43
è¤å¾—å…¬,44
sensen1015,45
æ–¹èŠ³,46
cloream,47
å¾½å°‘,48
ruirui,49
yddyqjd,50
ä¸å·¾,51
ç½—æˆ,52
nightwish_sola,53
austige,54
ryan,55
çŠ¬å åçº§,56
ä¹¦æ…§å¿ƒç¥,57
æ°¸è¿œ,58
é’é’,59
yuki,60
grasszyf,61
nora,62
fklmgj,63
maoxianmengxin,64
leaondong,65
å°ä¼é¹…,66
bolin,67
dafeng,68
starry,69
å°z,70
golshenlan,71
lantern,72
shippou225,73
faywei,74
sblili,75
ç«¥è¯,76
mosquito,77
404699221,78
äºŒç¾Š,79
van,80
ä¹å¤š,81
colby,82
å¥¶ç‰›,83
blake,84
jd,85
ç‹‚å¥”çš„å¯ä¹é¥¼,86
teemomillion,87
creeper,88
waz511,89
å†°çº¢èŒ¶çœŸå¥½å–,90
å°é»‘,91
automuen,92
stmx0v0,93
ss,94
èŒ«éœä¸¶,95
dokidoki,96
g.c,97
rastlin,98
huasong,99
äº‘äº‘,100
é˜¿ç‹—é”„å¤§åœ°,101
æ­ç¿,102
xty923,103
zhenglei8763,104
305373900,105
lc,106
gsherray,107
da,108
é£é£,109
lha123com,110
xylh,111
ä¸æ³¯ç†å¿µ,112
xy_yun,113
å°äº”ç¾Š,114
æ™“é»‘,115
å…«æ¢¨å‰©æ¯é™¢,116
1020191187,117
åº„å­,118
åŸºå› äºº,119
thief123abc,120
xhp,121
longbefore523,122
å°¼ç¦„,123
wuxin1116,124
hfluorine,125
å¤§é’°,126
wei,127
bigbai,128
yodawu,129
bluelingb,130
åŒ†åŒ†,131
12345,132
suchi,133
melo0,134
ddxy,135
æˆ‘ä»¬è¿˜è¡Œå§,136
yang,137
tm-tour-485,138
tm-tour-426,139
tm-tour-19,140
tm-tour-561,141
tm-tour-71,142
tm-tour-670,143
tm-tour-187,144
tm-tour-694,145
tm-tour-470,146
tm-tour-822,147
tm-tour-101,148
tm-tour-738,149
tm-tour-743,150
tm-tour-583,151
tm-tour-846,152
tm-tour-801,153
tm-tour-136,154
tm-tour-552,155
tm-tour-515,156
tm-tour-213,157
tm-tour-688,158
tour-63,159
tour-788,160
tour-238,161
tour-345,162
tour-300,163
tour-509,164
tour-532,165
tour-528,166
tour-724,167
tour-975,168
tour-290,169
tour-486,170
tour-626,171
tour-661,172
tour-204,173
tour-978,174
tour-45,175
tour-416,176
tour-418,177
tm-tour-305,178
tm-tour-163,179
tm-tour-398,180
tm-tour-961,181
tm-tour-630,182
tour-554,183
tour-701,184
tour-597,185
tm-tour-592,186
tour-960,187
tour-843,188
tour-7,189
tour-513,190
tour-642,191
tour-496,192
tour-279,193
tour-3,194
tm-tour-91,195
tour-123,196
tour-821,197
tour-241,198
tour-747,199
tour-307,200
tour-798,201
tour-428,202
tour-710,203
tour-829,204
tour-518,205
tour-234,206
tour-857,207
tour-449,208
tour-21,209
tour-780,210
tour-222,211
tour-617,212
tour-440,213
tour-640,214
å¤šèƒ–,215
kakyoin,216
npcxigua,217
joshua,218
123w,219
liveus,220
å†¬å¤œä¸¶,221
æ°´é¬¼,222
æ²§æµªæ˜Ÿ,223
ç‘å‡¤,224
byuan,225
ernest,226
reimu,227
howard514,228
black_uuz,229
tour-715,230
tour-555,231
tour-175,232
tour-962,233
tour-267,234
tour-111,235
tour-413,236
tour-148,237
tour-533,238
tour-904,239
tour-969,240
tour-561,241
tour-624,242
tour-688,243
tour-334,244
tour-672,245
tour-242,246
tour-469,247
tour-613,248
tour-670,249
tour-367,250
tour-260,251
tour-356,252
tour-369,253
tour-252,254
tour-314,255
olive_fang,256
ljy1,257
ç§¦å¿ƒ,258
ccl,259
qfy,260
ä¹æ–¹è ¡,261
ä¸‰åˆ€æµ333,262
yirenz,263
é³°åŸåƒå½©,264
lonelywater,265
ä¾å¸Œ,266
fengseyunhai,267
xiang,268
starwolf,269
é»„æº,270
pastoshamps,271
wzalxxxx,272
æ— åçš„é¸½å­,273
tar,274
ä¸€ç¯,275
juyuan,276
akayuki,277
yidingge,278
ein,279
jmax,280
æ³°ä¼¯,281
é¸½å­,282
1012k,283
wjyå´æ‰,284
æ„Ÿè§‰æ— åŒ,285
astaroth,286
jequirity,287
é¢ç å‹‡è€…,288
dorfnao,289
ä½ å¥½,290
å°ç™½216,291
ä¸‰åƒé™¢çœŸå¸†,292
mxhcx23,293
é˜¿å°”,294
å›§å›§æ‰“äºº,295
watashiwaangel,296
ç‰§æ®‡,297
æ½˜å¿—ä¼Ÿ,298
yorkyuzhi,299
zhutan,300
å¼ jl,301
bearkid,302
jrj,303
aphrox,304
å°é»„,305
447578569,306
mars,307
dancing toper,308
ç„å¿ƒç‰,309
clcjim,310
royalde,311
shadow,312
wongyim,313
test,314
test',315
test<img src=x>',316
test<img src=x>,317
test<img src=x>ee,318
"""><img src=x>",319
zzz142857,320
ç¬‘ç¬‘å‘€,321
ran,322
ç¡åœ¨æ ‘ä¸Šr,323
superdon,324
yyyz,325
guilai,326
sweetish,327
å¼ ç‹—å®‡,328
æœç„¶è‹¹æœå¤š,329
cookies,330
jordanzhu,331
kakaxi555,332
zero,333
mycming,334
godkill,335
å‰‘èˆå¤ªå¼ºäº†,336
hshddm,337
bullet430,338
c5210866,339
superslz,340
sdkbsl,341
é“¶ç¿˜ç‰‡,342
nyp555,343
fengxing,344
stongage9,345
sakuragi,346
èµµå¤©å¹³,347
justguest,348
ethernol,349
bebe737,350
çº¦ä¹¦äºš,351
lyd,352
wangkun,353
dshdd,354
ztlyw123,355
tamaki,356
åŸæ¸¸è¯—äºº,357
nai_xin,358
cyllll,359
sanduo,360
laola,361
394424082,362
luna,363
deng gan,364
ä¹æ­Œ,365
æ˜Ÿæ²³,366
ğŸ´ äºº,367
çŒğŸ´ äºº,368
lonelywarden,369
zxy221,370
å°è®¸,371
sszhy0,372
fmy029,373
zd7804,374
shuaiqidewang,375
pan,376
lxxh,377
hojaye,378
æˆå¹´é›„æ€§å¤§ç†ŠçŒ«,379
xiaof,380
å¤§å˜´å·´åå,381
ç³¯ç±³å›¢å­,382
ç³¯ç±³å°å›¢å­,383
å¥‡ä¸€,384
äºŒæ™ºä¸ä¼šèµ·å,385
zy,386
fdower_bot,387
äº‘èµ·,388
quinsong,389
rachelxxxx,390
passivesheep,391
danding,392
fallingice,393
æ”¸å®,394
wee0815,395
zk2910889,396
è‰¾æ­Œç»´å°”,397
deng,398
deng ,399
vn5ng,400
manmanlai,401
cling,402
jue,403
boxness,404
ç“¶è£…é¢åŒ…,405
yuujin,406
piyo21,407
icefinger,408
aydenegg,409
jefril,410
tkp,411
haha,412
enderman,413
robber,414
zby1234567,415
zzby1234567,416
jwfs,417
zzetaiahosyojyo,418
æ”¾å­¦åˆ«èµ°,419
hong,420
biaodi,421
cypher,422
kasi,423
wwr456,424
ä¿é€ç‹,425
812108847,426
qq812108847,427
iceloard,428
zuoluo1986,429
leifeng,430
silencio,431
lrx4927,432
è£‚ç©ºä¹‹ç—•,433
htser,434
htsermars,435
æ— æƒ…çš„å‘½è¿,436
5pbr,437
pbr5,438
ares38,439
flysky,440
p5br,441
pbr51,442
curtainoao,443
ji,444
kasi1,445
xiaoqiang,446
suli,447
xujun,448
å¬é£è†é›¨,449
19060131,450
364042440,451
ldxbr,452
wenxiong,453
bitethedust,454
galaxyno1,455
gao,456
millik,457
quill,458
é˜¿æ–¯åŠ å¾·,459
loosen,460
viper,461
juejj,462
gswz,463
jy02930284,464
aosyzc,465
rastlin2,466
prclibo,467
lkimson,468
liikwun,469
liiik,470
lala,471
feiyu,472
usopplikeme,473
usopplikemet,474
silence,475
hyandtyq,476
mh,477
éº’éºŸ,478
xe2604,479
qq807619691,480
nil,481
gwj,482
xixo,483
wuliang,484
ç‚¹ç‚¹,485
llxiaoyu001,486
æå¤©ç¦¹,487
æ±Ÿäº‘å¤©,488
ç³–ç³–,489
clown,490
wuqingkeng,491
neartree,492
coolmaxlee,493
ä¸‡ä¸ˆåƒæ˜,494
å°å¤©å°é©°,495
1234500,496
wswb,497
dr,498
qiuqiu,499
æ‹‰è¾¾å¤§ç‹,500
here,501
å­™åŒå½¤,502
qipa233,503
cirno,504
è¥¿ä¹¡,505
xing,506
xxlycxxlyc,507
songtangjie,508
123456,509
wenxionglam,510
royelw,511
juri,512
1825512695,513
æ‹‰æ™®æ‹‰æ–¯,514
ç‹ç¨,515
xuxu,516
little_weaker,517
ggross,518
åé›¶å£¹æŸ’,519
3017,520
ted097,521
ekiko,522
dragonfucksky,523
z94899,524
shoye,525
xiaoe,526
é¾™æ—¥å¤©,527
zgm2807,528
sailij,529
æ«å¶çš„é£˜è½,530
å°å°æ±¤åŒ…å¯ç¬‘å¯ç¬‘,531
19850600533,532
cheng,533
ç‹é€¸æ–Œ,534
melo0,535
tedddd1997,536
sean002002,537
è€é‚±,538
zgm,539
wzb,540
zgm2,541
zgm3,542
elfin,543
dresslyq,544
ztn2001,545
ztn,546
asanã ã‚ˆ,547
å°é±¼,548
ã‚¯ãƒ­ã§ã™,549
aa749526,550
deeprain,551
burninghei,552
blackurumi,553
heii,554
makise,555
ç§‹å±±æ¾ª,556
å‘†å”¯,557
amazingboy,558
amazingmurloc,559
quanshu,560
weiniteli,561
è¾‘å½•,562
link,563
link1,564
link1111,565
link8888,566
æœ¨ç¤º,567
yu,568
xuxutongxue,569
bright1201,570
bright,571
bright2,572
æ³½ç»´å°”,573
qipa234,574
thuiwans,575
orangecat,576
dhvoca,577
hertz,578
may,579
testxixo,580
æš—ç¿¼,581
amber,582
tusi,583
ç‘¾ã€‚,584
lights,585
zzzzz2417001,586
hellstokamak,587
akrence,588
ç¬‘å± ,589
zzx,590
451150024@qq.com,591
hhaaa001,592
qinaiyi861121,593
moshang1,594
asahi,595
xyyun,596
rohana,597
jakï¼,598
æˆˆåˆ‚,599
åˆ’~,600
8.9.10,601
wzb111,602
alexdecade,603
oddish1,604
oddish2,605
oddish3,606
oddish4,607
é‡ç”Ÿç”·äºº,608
wzbq,609
ex,610
é»‘é¬ƒæ ¼é›·,611
ğŸ´ r,612
ææ™“æµ©,613
tanwu2000,614
liyanqiang123,615
å°èµµ,616
darkmatter,617
èœç±½æ²¹,618
rogeryoci,619
k1a,620
sarah,621
qi,622
chillshaw,623
é›¶åº¦é›ªz,624
é¾™7é¾™,625
ç²½ä¼šå’¸,626
dé¾™ğŸ‰,627
zyf306011675,628
homura_rara,629
187123,630
wwq,631
tsukikage,632
zhangcheng,633
eldermee,634
aidyl2,635
dé¾™,636
htht,637
gcy0112,638
hjw1991,639
å®é™è‡´è¿œ,640
yukikaze,641
wms,642
è¯´ä¹¦äºº,643
momo233,644
tentop,645
daxinge,646
jooe,647
uusu,648
zbj,649
é¢œå¿—ç‚«,650
aipotu,651
332674315,652
dwb,653
flyingfish,654
å®‡å®™çš„ç§å­,655
joeylike,656
ed,657
ccy,658
angou,659
ç¥@å§œä¸,660
wsym,661
zero0831,662
tim,663
yushi615,664
aniz,665
patxu,666
lost,667
invokercat,668
anizz,669
sanmu,670
ctj,671
26,672
è‰è“å“¥å“¥,673
miho7615,674
toutou,675
alpha775,676
æœ‰å·,677
necros,678
tezzeret,679
xuwei,680
catcher1234,681
lz73,682
ç”°äºŒ,683
judy,684
pangxiaofu,685
wyb,686
vincent,687
raymond lu,688
francis,689
magic_bottle,690
é™Œæ¡ƒå¤­,691
mty,692
evey,693
623690292,694
linklu,695
ä¹å¤§å¤§å“¥,696
é‡‘å¯Œè´µ,697
è´«åƒ§,698
gxt,699
mew,700
willll,701
å°éº¦,702
1048624309,703
arcadio0304,704
nor,705
xiaoyang,706
yangyh408,707
æ€é”,708
xxr,709
yty,710
fluor,711
redwhitecr7,712
the great,713
ä¸€åˆ€ä¸€ä¸ªç‰›å¤´äºº,714
huiln,715
skyfallnow,716
wjjlcky,717
å°äº‘å°,718
peace,719
cappuccino,720
chad,721
pas2017,722
æ³¡æ³¡å“’å“Ÿ,723
zll,724
nero,725
aptx4869,726
xigua,727
æ›²ä¿Šå®‡å¤§çˆ¸,728
éƒæŒ¯è¿œä»–çˆ¹,729
éƒæŒ¯è¿œä»–å¤§çˆ¸,730
ex2001,731
fluorrauy,732
11111,733
123456789,734
jtys,735
kinoko,736
å¤œã®å¡µ,737
szl271828,738
joe376983056,739
huoxuhuoxu,740
nihao,741
iceiceice,742
knock,743
æ˜ŸæœŸä¸‰,744
è¯·å«æˆ‘å ‡è€å¸ˆ,745
è¿™é‡Œçš„æ°´å¾ˆæ·±,746
sancj,747
jeff4344,748
zxk,749
183454241,750
åšæœsama,751
pokerzzz,752
klomday,753
steamriki,754
sapphire,755
ç´«è‹‘å¯ºæ— è‰¯,756
nomad,757
992672363,758
gj2323,759
é£æ®‡,760
flyingwind,761
éƒä¸–å¿ ,762
salaman,763
jokerbababa,764
lalabo,765
eie,766
æ¡ƒå­,767
darkotori,768
æ— å¿ƒä¹‹é­‚,769
èŠ±è è,770
yuyeye,771
pq33,772
jerryalex,773
crlr,774
khcy2003,775
chenppp,776
irisome,777
wclizhijian,778
fanrenkewei,779
smorkey,780
è¥¿ç“œ,781
xiaoyupwww,782
ccqqyy1995,783
zilanchen,784
pete,785
shadowha,786
ywm00700,787
cbyl,788
wzbwzb,789
714835471,790
vincent17,791
yk,792
nick,793
é£é±¼,794
å½å½å“‡å“‡,795
å½å½å“‡å“‡å“‡,796
ababedin,797
shizi,798
æ¯”ä¼è°·èŒ,799
shishen,800
kiever,801
é£˜é£˜,802
zyzè€å¤´,803
qqww11963,804
michaelzhw,805
w4,806
baobao,807
å…±åˆ›é«˜è€ƒå¥‡è¿¹,808
å…±åˆ›é«˜è€ƒå¥‡è¿¹1,809
apex,810
1609884203,811
chengming,812
twii,813
zyd,814
asgardku,815
szht,816
elllllll,817
å‰å¤§ç©ºä½¬,818
vl,819
é¯Šé­š,820
rhagbi,821
kuhake,822
yuexing,823
chest,824
lard_c,825
redseagull,826
r6y1717,827
ä¸¹genæ»‘,828
shiningasuna,829
yuxiaoyu,830
neet,831
lwcring,832
779777930,833
1179645388,834
zakizel,835
00,836
guangdedongdong,837
hasky,838
å¼ è€€ä¸œ,839
otto,840
é›ªæ«»,841
lx0095,842
chikunla,843
bhalonso,844
wllsl,845
alin,846
lxj990507,847
cyy,848
xiaohu,849
godhu,850
light,851
luckyness,852
zyq,853
åŒ…å­,854
sccdzzq,855
sccdlh,856
seekeruo34,857
roland13,858
æ·±æµ·çš„è¾¾ä¸æºœ,859
yfferonia,860
sitaoyong,861
827717358,862
wznmickey,863
cjdtcxjm1984,864
æ«æ«æ«,865
æ«æ«,866
gxz,867
rosa77,868
seiho,869
leon,870
leon777,871
mkdebug,872
miaofans,873
zyq321,874
lsyyyds,875
å•¦å•¦å•¦,876
648864265,877
648834265,878
lbhhh,879
fish314,880
yxw,881
lqf,882
andy,883
åŸæ¸¸è¯—äººæ´¾å¤§æ˜Ÿ,884
å‘¨æ™ºè¶…,885
1shen,886
1006222671,887
gtxyxcy,888
highlh,889
gohasky,890
736814079,891
kexing,892
amigo,893
ty,894
jokerlancer,895
ä¹¦é™¢åä¸ƒå…ˆç”Ÿ,896
n.shuai,897
f22af,898
michaelis200,899
zjx_74161,900
åŒå­,901
muse,902
1mmm,903
oyzk,904
yuanloge,905
monei,906
zsh,907
å°éŸ³,908
liured,909
dino,910
xigema,911
henrykamqq,912
hg13422233,913
æ²™çªç›,914
marvin,915
uu,916
tnncryptic,917
wsl,918
ghsap,919
sfzhang,920
4399,921
vgtables,922
hehe,923
å°æ™º,924
frozenafire,925
é˜¿æ°hoho,926
è¥¿æœ¨é‡,927
janus2077,928
zhaojier,929
hasborn,930
yilin,931
çš‡æ—æ°¸ä¸è¨€å¼ƒ,932
é­è‰¯,933
kk,934
lcg3430,935
zhaokj,936
balance,937
dynilath,938
åŸºäºæ„Ÿåº”çº¿åœˆ,939
èŒ«å±±,940
17826818782,941
2397541142,942
mohanzhi,943
yaoyao,944
çƒˆæ—¥ç¼å¿ƒ,945
guguty,946
justtc,947
naga,948
æ˜¯å¾ˆå¥½,949
å…¨éº¦å«©è‚©,950
è„±è„‚è‚‹çœ¼,951
lyl1998528,952
joker,953
windsilent,954
tendoca,955
sakana,956
hindsightai,957
fdotgc,958
ella,959
ellahuang,960
ellahuang0824,961
ellahuang233,962
silkroad,963
æŸ´éƒ¡çŒ«,964
jeoking,965
z625960353,966
lost wall,967
pentadream,968
xzhu,969
reznov,970
wangkai,971
wangvito,972
yht2034,973
hikage_unl,974
wu,975
jtharmony,976
èµµæ–‡è¿ª,977
chenzm,978
hattie,979
luckirin,980
tar2,981
muxiaoxuan,982
èƒ¡å®‡å½¬,983
p.j.c,984
489326240,985
æŒæŸœäº†æ¥äº†,986
æŒæŸœçš„æ¥äº†,987
yjj,988
xuexunfengxian,989
æ¡‘ä¸€æ¸,990
736992703,991
aaqige,992
hewei94,993
redartist,994
vbn,995
jack,996
mumu,997
é»‘æ¡ƒä½œ,998
é»‘æ¡ƒä½œ2,999
æ˜¯æ¢¨é…±å‘€,1000
ç‹å…«è›‹,1001
ljysb,1002
å°å¤©åŠæœˆé—ª,1003
yakumo,1004
alala,1005
çŒ«çŒ«,1006
å‘¨æ·,1007
eu,1008
ç‹å­,1009
xutian,1010
k1155007,1011
xiaomo,1012
yp.avi,1013
lxlx,1014
siruiyu,1015
crashbilly,1016
çŒ«çŒ«è­¦é•¿,1017
neetwing,1018
wapian,1019
lhrst,1020
èŠ±èˆ,1021
karl,1022
biubiubiu,1023
hhzrr,1024
ä½ çš„çˆ¸çˆ¸,1025
mb7005,1026
suzuka,1027
taozaa,1028
just,1029
joe,1030
tianyym,1031
é¢å…·æ‰å­,1032
sjkdante,1033
å‚å•†,1034
ä¸‰ç­å¤§ç­é•¿,1035
fengqiuqiu,1036
zxcv971,1037
dk_koko,1038
pascal,1039
nobody,1040
èŒæ¢µ,1041
speedforcelin,1042
phoenix,1043
xiakeæ,1044
rilzob,1045
porlotj,1046
å¤ªé˜³åœ¨æ°´ä¸‹,1047
arthurending,1048
feng,1049
1228478723,1050
zzhds,1051
æˆè°‘,1052
è‘³è•¤llk,1053
iceblue,1054
ht,1055
å”¯æ…•,1056
luckyluffy,1057
ä¹”å¯å—,1058
å£¬é˜³,1059
cl,1060
nafarian,1061
wizardyh,1062
hsy84839340,1063
æ´»äº†,1064
hsy12345678,1065
hsy123456789,1066
wilson,1067
å¤©éŸ³,1068
æœ‰æ²¡æœ‰å¯èƒ½æ˜¯ä½ ä»¬èœå‘¢,1069
wwd,1070
wzx,1071
cyyyds,1072
lfk,1073
å°å¤œå­,1074
realpiggy,1075
xq,1076
moka,1077
mocca,1078
bulez00,1079
psycho,1080
radar,1081
radar2,1082
6mmm,1083
è°¢å›½æ˜Ÿ,1084
cdydemzeroking,1085
midnightsun,1086
william,1087
hypnos001,1088
bbcd64,1089
é˜¿æ–¯åˆšè¶…,1090
bearht,1091
æˆ‘è¦åä¸ªèŒ¶å¶è›‹,1092
saber952003,1093
fyh,1094
tcola1201,1095
13232910016,1096
tyz,1097
åˆ˜èƒ–åœ†,1098
xu,1099
yiriyou1,1100
sayeah,1101
å¤±æœ›æ˜Ÿç©º,1102
dayo,1103
kkk123,1104
lonelysail,1105
taxz,1106
201806050203,1107
amadeus,1108
ğŸ,1109
ä¸œé‡é­æ¢§,1110
bugmaker,1111
123,1112
1235,1113
dwawd,1114
1236987,1115
ljc012345,1116
hsq,1117
1a2b3c,1118
shuijing,1119
111,1120
flagalac,1121
é›¶ç‚¹,1122
zjcube,1123
geb,1124
player-d,1125
15093302272,1126
polypass,1127
kkkk,1128
w1119171994,1129
w18346355095,1130
18737571502,1131
1962142767,1132
qazaqyang,1133
jenniferjareau,1134
zgqk,1135
å¥½é—²,1136
xiaoyezi,1137
xwd,1138
å°¼å¤æ‹‰è€¶ç»´åŸº,1139
xiaomi2145,1140
parmen073,1141
æ˜“é“,1142
leohc92,1143
sbeam,1144
zzh,1145
liguoyu,1146
690214379,1147
jake,1148
f4y,1149
baishujiefashi,1150
q86049056,1151
86049056,1152
æ¨æ–°å®‡çš„äº²çˆ¹,1153
talloran,1154
54321,1155
yufan,1156
å¼ å–µå–µ,1157
shuangsheng0114,1158
rqt123456,1159
medicine,1160
95598,1161
é»‘æ–‡,1162
123654789,1163
123zxc,1164
295295,1165
ç©†é˜³èŒœ,1166
hikaruerving,1167
jomiii,1168
chen,1169
venonyoung,1170
iiiiiiiiiii,1171
å½­ä¸€é¸£,1172
frankcui,1173
ä¼Šæ‹‰å¨œä¾å­,1174
äººæ•™ç‰ˆå°å­¦è‹±è¯­å•è¯è¡¨,1175
123111,1176
æœ±å®¶è‰¯,1177
lizhipeng,1178
1233,1179
12344,1180
æ®‡å¿µ,1181
cloudfall,1182
mofang64,1183
mizuzu,1184
å®‡å“¥,1185
till when,1186
89898615,1187
fdffs,1188
qrcruq,1189
xianjiao,1190
tpy001,1191
kriko,1192
spinleft,1193
å§å±±çœ‹æ°´é—²è¸é›ª,1194
hashiqi,1195
å“ˆå£«å¥‡,1196
owen2006,1197
suzi,1198
è€ç‹,1199
lumos,1200
lanni,1201
æ²‰é‡çš„æµ·ç»µ,1202
2000,1203
é•¿çš„åŸ,1204
taipei_silent,1205
ç¦ç¦,1206
zscott,1207
et_anger,1208
kaisa,1209
vinciwill,1210
ç»´å°¼ç†Š,1211
1371998028,1212
ç«æ˜Ÿå¾½å·å®´,1213
harveyli,1214
xiaozhiql,1215
xiang12,1216
marsnoname,1217
è€¿å¸ˆå‚…,1218
serge,1219
åŒ…#,1220
linke991,1221
cel,1222
mirror1023,1223
eternity,1224
qrcru,1225
alex,1226
miaogor,1227
ciyosi,1228
even,1229
maste,1230
ljbk,1231
moonmmm,1232
å®‰é€¸,1233
fanjing5753,1234
davymartin,1235
skylotus,1236
xuhaowen,1237
gaolei,1238
mss,1239
north,1240
master_yi,1241
katrinawu,1242
pierce,1243
icarus,1244
æ¢¦éŸ©,1245
lusuey,1246
liang1029529876,1247
sun sky,1248
tianxiaqingqi,1249
bigstone,1250
é£æŸ,1251
ly,1252
å¨‡å¨‡,1253
roshun,1254
èŠ±é—´,1255
shuimumu,1256
1940272865,1257
4tharticle,1258
unowen,1259
williamskyer,1260
fake0000,1261
prayer,1262
zhongduabcanguan,1263
zhongduancanguan,1264
zzz2zzz2s2,1265
dzbww_whz,1266
nor96,1267
èµµèµµ,1268
233,1269
shuxiong,1270
ada_330000,1271
17631360120,1272
bgk_zero,1273
pudding,1274
lxl,1275
æ›²å¥‡é¥¼,1276
lnoobnoob,1277
pilot,1278
rhisj,1279
ç¥ç€,1280
æœˆçƒçƒé•¿é©¬äº‘,1281
wing,1282
è¥¿è¥¿å¼—,1283
vicky,1284
whr,1285
æµ©ç„¶,1286
elderlypeng,1287
sayoi,1288
è€è¡²æ³•å·æ¶©æ…§,1289
c.h.b,1290
cropsfeeder,1291
è´¤é¸½é¸½,1292
ä½ å¤Ÿå•¦,1293
å¤§å±±,1294
ligodan,1295
æ˜¥é¢¨é€ç¦,1296
å°é€—,1297
æ€ªæ¡ƒc,1298
lun_hui_,1299
è¿·é¹¿,1300
345678,1301
æ™¨æ˜Ÿæœªè½,1302
zscgr,1303
tudou,1304
ks096,1305
æ‡¿è¡Œ,1306
qqw,1307
èŒœèŒœå…¬ä¸»,1308
little_benny,1309
sandy,1310
è†æ£˜å®ˆæŠ¤,1311
gjy,1312
zamiry,1313
é’»ç§¦å’•å½,1314
marvelous,1315
cba,1316
huanyingxh,1317
noliisé›ªè¤,1318
nolilis1996,1319
redcleaner,1320
jerpei,1321
å‘¨æ–°äº®,1322
wwtdjh,1323
å¥½äºº,1324
å¥½äººï¼,1325
marshallkim,1326
mioni,1327
æ˜Ÿæ¢µ,1328
1427347780,1329
mzy,1330
hanasaki,1331
2430789178,1332
qaq,1333
piaoling,1334
cheesed,1335
cheese,1336
å°å¤ªé˜³çš„ä¸‹é›¨å¤©,1337
bing,1338
tracy,1339
mandapan,1340
fengfeng,1341
wokong123,1342
wukong123,1343
amatsuki,1344
ppips,1345
ffeng,1346
smbsljj,1347
matthewt45,1348
xwz,1349
misaki6168,1350
